2026-03-28 10:24:41,079 - mmdet - INFO - Environment info:
------------------------------------------------------------
sys.platform: linux
Python: 3.8.20 (default, Oct  3 2024, 15:24:27) [GCC 11.2.0]
CUDA available: True
GPU 0,1: NVIDIA GeForce RTX 4090
CUDA_HOME: /home/cernanskyr/.conda/envs/livip3d
NVCC: 
GCC: gcc (conda-forge gcc 10.4.0-19) 10.4.0
PyTorch: 1.10.0+cu111
PyTorch compiling details: PyTorch built with:
  - GCC 7.3
  - C++ Version: 201402
  - Intel(R) Math Kernel Library Version 2020.0.0 Product Build 20191122 for Intel(R) 64 architecture applications
  - Intel(R) MKL-DNN v2.2.3 (Git Hash 7336ca9f055cf1bfa13efb658fe15dc9b41f0740)
  - OpenMP 201511 (a.k.a. OpenMP 4.5)
  - LAPACK is enabled (usually provided by MKL)
  - NNPACK is enabled
  - CPU capability usage: AVX512
  - CUDA Runtime 11.1
  - NVCC architecture flags: -gencode;arch=compute_37,code=sm_37;-gencode;arch=compute_50,code=sm_50;-gencode;arch=compute_60,code=sm_60;-gencode;arch=compute_70,code=sm_70;-gencode;arch=compute_75,code=sm_75;-gencode;arch=compute_80,code=sm_80;-gencode;arch=compute_86,code=sm_86
  - CuDNN 8.0.5
  - Magma 2.5.2
  - Build settings: BLAS_INFO=mkl, BUILD_TYPE=Release, CUDA_VERSION=11.1, CUDNN_VERSION=8.0.5, CXX_COMPILER=/opt/rh/devtoolset-7/root/usr/bin/c++, CXX_FLAGS= -Wno-deprecated -fvisibility-inlines-hidden -DUSE_PTHREADPOOL -fopenmp -DNDEBUG -DUSE_KINETO -DUSE_FBGEMM -DUSE_QNNPACK -DUSE_PYTORCH_QNNPACK -DUSE_XNNPACK -DSYMBOLICATE_MOBILE_DEBUG_HANDLE -DEDGE_PROFILER_USE_KINETO -O2 -fPIC -Wno-narrowing -Wall -Wextra -Werror=return-type -Wno-missing-field-initializers -Wno-type-limits -Wno-array-bounds -Wno-unknown-pragmas -Wno-sign-compare -Wno-unused-parameter -Wno-unused-variable -Wno-unused-function -Wno-unused-result -Wno-unused-local-typedefs -Wno-strict-overflow -Wno-strict-aliasing -Wno-error=deprecated-declarations -Wno-stringop-overflow -Wno-psabi -Wno-error=pedantic -Wno-error=redundant-decls -Wno-error=old-style-cast -fdiagnostics-color=always -faligned-new -Wno-unused-but-set-variable -Wno-maybe-uninitialized -fno-math-errno -fno-trapping-math -Werror=format -Wno-stringop-overflow, LAPACK_INFO=mkl, PERF_WITH_AVX=1, PERF_WITH_AVX2=1, PERF_WITH_AVX512=1, TORCH_VERSION=1.10.0, USE_CUDA=ON, USE_CUDNN=ON, USE_EXCEPTION_PTR=1, USE_GFLAGS=OFF, USE_GLOG=OFF, USE_MKL=ON, USE_MKLDNN=ON, USE_MPI=OFF, USE_NCCL=ON, USE_NNPACK=ON, USE_OPENMP=ON, 

TorchVision: 0.11.1+cu111
OpenCV: 4.5.4
MMCV: 1.4.0
MMCV Compiler: GCC 7.3
MMCV CUDA Compiler: 11.1
MMDetection: 2.24.1
MMSegmentation: 0.20.2
MMDetection3D: 0.17.1+4ebde79
------------------------------------------------------------

2026-03-28 10:24:41,924 - mmdet - INFO - Distributed training: True
2026-03-28 10:24:42,866 - mmdet - INFO - Config:
point_cloud_range = [-51.2, -51.2, -5.0, 51.2, 51.2, 3.0]
class_names = [
    'car', 'truck', 'bus', 'trailer', 'motorcycle', 'bicycle', 'pedestrian'
]
dataset_type = 'NuScenesTrackDatasetRadar'
data_root = 'data/nuscenes/'
input_modality = dict(
    use_lidar=False,
    use_camera=True,
    use_radar=False,
    use_map=False,
    use_external=False)
file_client_args = dict(backend='disk')
train_pipeline = [
    dict(type='LoadMultiViewImageFromFiles'),
    dict(type='LoadAnnotations3D', with_bbox_3d=True, with_label_3d=True),
    dict(
        type='InstanceRangeFilter',
        point_cloud_range=[-51.2, -51.2, -5.0, 51.2, 51.2, 3.0]),
    dict(
        type='NormalizeMultiviewImage',
        mean=[103.53, 116.28, 123.675],
        std=[1.0, 1.0, 1.0],
        to_rgb=False),
    dict(type='PadMultiViewImage', size_divisor=32)
]
test_pipeline = [
    dict(type='LoadMultiViewImageFromFiles'),
    dict(
        type='NormalizeMultiviewImage',
        mean=[103.53, 116.28, 123.675],
        std=[1.0, 1.0, 1.0],
        to_rgb=False),
    dict(type='PadMultiViewImage', size_divisor=32)
]
data = dict(
    samples_per_gpu=1,
    workers_per_gpu=4,
    train=dict(
        type='NuScenesTrackDatasetRadar',
        data_root='data/nuscenes/',
        ann_file='data/nuscenes/nuscenes_tracking_infos_train.pkl',
        pipeline=[
            dict(
                type='LoadPointsFromFile',
                coord_type='LIDAR',
                load_dim=5,
                use_dim=5,
                file_client_args=dict(backend='disk')),
            dict(
                type='LoadPointsFromMultiSweeps',
                sweeps_num=10,
                file_client_args=dict(backend='disk')),
            dict(
                type='LoadAnnotations3D',
                with_bbox_3d=True,
                with_label_3d=True),
            dict(
                type='GlobalRotScaleTrans',
                rot_range=[-0.3925, 0.3925],
                scale_ratio_range=[0.95, 1.05],
                translation_std=[0, 0, 0]),
            dict(type='RandomFlip3D', flip_ratio_bev_horizontal=0.5),
            dict(
                type='PointsRangeFilter',
                point_cloud_range=[-50, -50, -5, 50, 50, 3]),
            dict(
                type='ObjectRangeFilter',
                point_cloud_range=[-50, -50, -5, 50, 50, 3]),
            dict(
                type='ObjectNameFilter',
                classes=[
                    'car', 'truck', 'trailer', 'bus', 'construction_vehicle',
                    'bicycle', 'motorcycle', 'pedestrian', 'traffic_cone',
                    'barrier'
                ]),
            dict(type='PointShuffle'),
            dict(
                type='DefaultFormatBundle3D',
                class_names=[
                    'car', 'truck', 'trailer', 'bus', 'construction_vehicle',
                    'bicycle', 'motorcycle', 'pedestrian', 'traffic_cone',
                    'barrier'
                ]),
            dict(
                type='Collect3D',
                keys=['points', 'gt_bboxes_3d', 'gt_labels_3d'])
        ],
        classes=[
            'car', 'truck', 'bus', 'trailer', 'motorcycle', 'bicycle',
            'pedestrian'
        ],
        modality=dict(
            use_lidar=False,
            use_camera=True,
            use_radar=False,
            use_map=False,
            use_external=False),
        test_mode=False,
        box_type_3d='LiDAR',
        num_frames_per_sample=3,
        pipeline_single=[
            dict(type='LoadMultiViewImageFromFiles'),
            dict(
                type='LoadAnnotations3D',
                with_bbox_3d=True,
                with_label_3d=True),
            dict(
                type='InstanceRangeFilter',
                point_cloud_range=[-51.2, -51.2, -5.0, 51.2, 51.2, 3.0]),
            dict(
                type='NormalizeMultiviewImage',
                mean=[103.53, 116.28, 123.675],
                std=[1.0, 1.0, 1.0],
                to_rgb=False),
            dict(type='PadMultiViewImage', size_divisor=32)
        ],
        pipeline_post=[
            dict(type='FormatBundle3DTrack'),
            dict(
                type='Collect3D',
                keys=[
                    'gt_bboxes_3d', 'gt_labels_3d', 'instance_inds', 'img',
                    'timestamp', 'l2g_r_mat', 'l2g_t', 'pred_matrix',
                    'polyline_spans', 'mapping', 'instance_idx_2_labels'
                ])
        ],
        use_valid_flag=True,
        camera_types=['CAM_FRONT', 'CAM_FRONT_LEFT', 'CAM_FRONT_RIGHT'],
        do_pred=True),
    val=dict(
        type='NuScenesTrackDatasetRadar',
        data_root='data/nuscenes/',
        ann_file='data/nuscenes/nuscenes_tracking_infos_val.pkl',
        pipeline=[
            dict(
                type='LoadPointsFromFile',
                coord_type='LIDAR',
                load_dim=5,
                use_dim=5,
                file_client_args=dict(backend='disk')),
            dict(
                type='LoadPointsFromMultiSweeps',
                sweeps_num=10,
                file_client_args=dict(backend='disk')),
            dict(
                type='MultiScaleFlipAug3D',
                img_scale=(1333, 800),
                pts_scale_ratio=1,
                flip=False,
                transforms=[
                    dict(
                        type='GlobalRotScaleTrans',
                        rot_range=[0, 0],
                        scale_ratio_range=[1.0, 1.0],
                        translation_std=[0, 0, 0]),
                    dict(type='RandomFlip3D'),
                    dict(
                        type='PointsRangeFilter',
                        point_cloud_range=[-50, -50, -5, 50, 50, 3]),
                    dict(
                        type='DefaultFormatBundle3D',
                        class_names=[
                            'car', 'truck', 'trailer', 'bus',
                            'construction_vehicle', 'bicycle', 'motorcycle',
                            'pedestrian', 'traffic_cone', 'barrier'
                        ],
                        with_label=False),
                    dict(type='Collect3D', keys=['points'])
                ])
        ],
        classes=[
            'car', 'truck', 'bus', 'trailer', 'motorcycle', 'bicycle',
            'pedestrian'
        ],
        modality=dict(
            use_lidar=False,
            use_camera=True,
            use_radar=False,
            use_map=False,
            use_external=False),
        test_mode=True,
        box_type_3d='LiDAR',
        pipeline_single=[
            dict(type='LoadMultiViewImageFromFiles'),
            dict(
                type='NormalizeMultiviewImage',
                mean=[103.53, 116.28, 123.675],
                std=[1.0, 1.0, 1.0],
                to_rgb=False),
            dict(type='PadMultiViewImage', size_divisor=32)
        ],
        pipeline_post=[
            dict(type='FormatBundle3DTrack'),
            dict(
                type='Collect3D',
                keys=[
                    'img', 'timestamp', 'l2g_r_mat', 'l2g_t', 'pred_matrix',
                    'polyline_spans', 'mapping', 'instance_idx_2_labels'
                ])
        ],
        num_frames_per_sample=1,
        camera_types=['CAM_FRONT', 'CAM_FRONT_LEFT', 'CAM_FRONT_RIGHT'],
        do_pred=True),
    test=dict(
        type='NuScenesTrackDatasetRadar',
        data_root='data/nuscenes/',
        ann_file='data/nuscenes/nuscenes_tracking_infos_val.pkl',
        pipeline=[
            dict(
                type='LoadPointsFromFile',
                coord_type='LIDAR',
                load_dim=5,
                use_dim=5,
                file_client_args=dict(backend='disk')),
            dict(
                type='LoadPointsFromMultiSweeps',
                sweeps_num=10,
                file_client_args=dict(backend='disk')),
            dict(
                type='MultiScaleFlipAug3D',
                img_scale=(1333, 800),
                pts_scale_ratio=1,
                flip=False,
                transforms=[
                    dict(
                        type='GlobalRotScaleTrans',
                        rot_range=[0, 0],
                        scale_ratio_range=[1.0, 1.0],
                        translation_std=[0, 0, 0]),
                    dict(type='RandomFlip3D'),
                    dict(
                        type='PointsRangeFilter',
                        point_cloud_range=[-50, -50, -5, 50, 50, 3]),
                    dict(
                        type='DefaultFormatBundle3D',
                        class_names=[
                            'car', 'truck', 'trailer', 'bus',
                            'construction_vehicle', 'bicycle', 'motorcycle',
                            'pedestrian', 'traffic_cone', 'barrier'
                        ],
                        with_label=False),
                    dict(type='Collect3D', keys=['points'])
                ])
        ],
        classes=[
            'car', 'truck', 'bus', 'trailer', 'motorcycle', 'bicycle',
            'pedestrian'
        ],
        modality=dict(
            use_lidar=False,
            use_camera=True,
            use_radar=False,
            use_map=False,
            use_external=False),
        test_mode=True,
        box_type_3d='LiDAR',
        pipeline_single=[
            dict(type='LoadMultiViewImageFromFiles'),
            dict(
                type='NormalizeMultiviewImage',
                mean=[103.53, 116.28, 123.675],
                std=[1.0, 1.0, 1.0],
                to_rgb=False),
            dict(type='PadMultiViewImage', size_divisor=32)
        ],
        pipeline_post=[
            dict(type='FormatBundle3DTrack'),
            dict(
                type='Collect3D',
                keys=[
                    'img', 'timestamp', 'l2g_r_mat', 'l2g_t', 'pred_matrix',
                    'polyline_spans', 'mapping', 'instance_idx_2_labels'
                ])
        ],
        num_frames_per_sample=1,
        camera_types=['CAM_FRONT', 'CAM_FRONT_LEFT', 'CAM_FRONT_RIGHT'],
        do_pred=True))
evaluation = dict(interval=24)
checkpoint_config = dict(interval=1)
log_config = dict(interval=50, hooks=[dict(type='TextLoggerHook')])
dist_params = dict(backend='nccl')
log_level = 'INFO'
work_dir = 'work_dirs/vip3d_resnet50_3cam'
load_from = 'ckpt_init/detr3d_resnet50.pth'
resume_from = None
workflow = [('train', 1)]
plugin = True
plugin_dir = 'plugin/'
voxel_size = [0.2, 0.2, 8]
img_norm_cfg = dict(
    mean=[103.53, 116.28, 123.675], std=[1.0, 1.0, 1.0], to_rgb=False)
model = dict(
    type='ViP3D',
    use_grid_mask=True,
    num_classes=7,
    num_query=300,
    bbox_coder=dict(
        type='DETRTrack3DCoder',
        post_center_range=[-61.2, -61.2, -10.0, 61.2, 61.2, 10.0],
        pc_range=[-51.2, -51.2, -5.0, 51.2, 51.2, 3.0],
        max_num=100,
        num_classes=7),
    fix_feats=False,
    score_thresh=0.4,
    filter_score_thresh=0.35,
    use_lidar=False,
    qim_args=dict(
        qim_type='QIMBase',
        merger_dropout=0,
        update_query_pos=True,
        fp_ratio=0.3,
        random_drop=0.1),
    mem_cfg=dict(
        memory_bank_type='MemoryBank',
        memory_bank_score_thresh=0.0,
        memory_bank_len=4),
    img_backbone=dict(
        type='ResNet',
        with_cp=False,
        depth=50,
        num_stages=4,
        out_indices=(0, 1, 2, 3),
        frozen_stages=1,
        norm_cfg=dict(type='BN2d', requires_grad=False),
        norm_eval=True,
        style='caffe',
        dcn=dict(type='DCNv2', deform_groups=1, fallback_on_stride=False),
        stage_with_dcn=(False, False, True, True)),
    loss_cfg=dict(
        type='ClipMatcher',
        num_classes=7,
        weight_dict=None,
        code_weights=[1.0, 1.0, 1.0, 1.0, 1.0, 1.0, 1.0, 1.0, 0.2, 0.2],
        assigner=dict(
            type='HungarianAssigner3DTrack',
            cls_cost=dict(type='FocalLossCost', weight=2.0),
            reg_cost=dict(type='BBox3DL1Cost', weight=0.25),
            pc_range=[-51.2, -51.2, -5.0, 51.2, 51.2, 3.0]),
        loss_cls=dict(
            type='FocalLoss',
            use_sigmoid=True,
            gamma=2.0,
            alpha=0.25,
            loss_weight=2.0),
        loss_bbox=dict(type='L1Loss', loss_weight=0.25)),
    img_neck=dict(
        type='FPN',
        in_channels=[256, 512, 1024, 2048],
        out_channels=256,
        start_level=1,
        add_extra_convs=True,
        num_outs=4,
        norm_cfg=dict(type='BN2d'),
        relu_before_extra_convs=True),
    pts_bbox_head=dict(
        type='DeformableDETR3DCamHeadTrackPlusRaw',
        num_classes=7,
        in_channels=256,
        num_cams=3,
        num_feature_levels=4,
        with_box_refine=True,
        transformer=dict(
            type='Detr3DCamTrackTransformer',
            decoder=dict(
                type='Detr3DCamTrackPlusTransformerDecoder',
                num_layers=6,
                return_intermediate=True,
                transformerlayers=dict(
                    type='DetrTransformerDecoderLayer',
                    attn_cfgs=[
                        dict(
                            type='MultiheadAttention',
                            embed_dims=256,
                            num_heads=8,
                            dropout=0.1),
                        dict(
                            type='Detr3DCrossAtten',
                            pc_range=[-51.2, -51.2, -5.0, 51.2, 51.2, 3.0],
                            num_points=1,
                            embed_dims=256)
                    ],
                    feedforward_channels=512,
                    ffn_dropout=0.1,
                    operation_order=('self_attn', 'norm', 'cross_attn', 'norm',
                                     'ffn', 'norm')))),
        pc_range=[-51.2, -51.2, -5.0, 51.2, 51.2, 3.0],
        positional_encoding=dict(
            type='SinePositionalEncoding',
            num_feats=128,
            normalize=True,
            offset=-0.5)),
    do_pred=True,
    relative_pred=True,
    agents_layer_0=True,
    add_branch=True,
    predictor=dict(
        hidden_size=128,
        laneGCN=True,
        decoder=dict(
            variety_loss=True, variety_loss_prob=True, hidden_size=128)),
    train_cfg=dict(
        pts=dict(
            grid_size=[512, 512, 1],
            voxel_size=[0.2, 0.2, 8],
            point_cloud_range=[-51.2, -51.2, -5.0, 51.2, 51.2, 3.0],
            out_size_factor=4,
            dense_reg=1,
            gaussian_overlap=0.1,
            max_objs=500,
            min_radius=2,
            code_weights=[1.0, 1.0, 1.0, 1.0, 1.0, 1.0, 1.0, 1.0, 0.2, 0.2],
            assigner=dict(
                type='HungarianAssigner3D',
                cls_cost=dict(type='FocalLossCost', weight=2.0),
                reg_cost=dict(type='BBox3DL1Cost', weight=0.25),
                iou_cost=dict(type='GIoU3DCost', weight=0.0),
                pc_range=[-51.2, -51.2, -5.0, 51.2, 51.2, 3.0]))))
train_pipeline_post = [
    dict(type='FormatBundle3DTrack'),
    dict(
        type='Collect3D',
        keys=[
            'gt_bboxes_3d', 'gt_labels_3d', 'instance_inds', 'img',
            'timestamp', 'l2g_r_mat', 'l2g_t', 'pred_matrix', 'polyline_spans',
            'mapping', 'instance_idx_2_labels'
        ])
]
test_pipeline_post = [
    dict(type='FormatBundle3DTrack'),
    dict(
        type='Collect3D',
        keys=[
            'img', 'timestamp', 'l2g_r_mat', 'l2g_t', 'pred_matrix',
            'polyline_spans', 'mapping', 'instance_idx_2_labels'
        ])
]
optimizer = dict(
    type='AdamW',
    lr=0.0002,
    paramwise_cfg=dict(custom_keys=dict(img_backbone=dict(lr_mult=0.1))),
    weight_decay=0.01)
optimizer_config = dict(grad_clip=dict(max_norm=35, norm_type=2))
lr_config = dict(
    policy='CosineAnnealing',
    warmup='linear',
    warmup_iters=500,
    warmup_ratio=0.3333333333333333,
    min_lr_ratio=0.001)
total_epochs = 24
runner = dict(type='EpochBasedRunner', max_epochs=24)
find_unused_parameters = True
fp16 = dict(loss_scale='dynamic')
gpu_ids = range(0, 1)
device = 'cuda'

2026-03-28 10:24:42,867 - mmdet - INFO - Set random seed to 0, deterministic: False
2026-03-28 10:24:43,549 - mmdet - INFO - initialize ResNet with init_cfg [{'type': 'Kaiming', 'layer': 'Conv2d'}, {'type': 'Constant', 'val': 1, 'layer': ['_BatchNorm', 'GroupNorm']}]
2026-03-28 10:24:43,676 - mmdet - INFO - initialize Bottleneck with init_cfg {'type': 'Constant', 'val': 0, 'override': {'name': 'norm3'}}
2026-03-28 10:24:43,677 - mmdet - INFO - initialize Bottleneck with init_cfg {'type': 'Constant', 'val': 0, 'override': {'name': 'norm3'}}
2026-03-28 10:24:43,677 - mmdet - INFO - initialize Bottleneck with init_cfg {'type': 'Constant', 'val': 0, 'override': {'name': 'norm3'}}
2026-03-28 10:24:43,678 - mmdet - INFO - initialize Bottleneck with init_cfg {'type': 'Constant', 'val': 0, 'override': {'name': 'norm3'}}
2026-03-28 10:24:43,678 - mmdet - INFO - initialize Bottleneck with init_cfg {'type': 'Constant', 'val': 0, 'override': {'name': 'norm3'}}
2026-03-28 10:24:43,679 - mmdet - INFO - initialize Bottleneck with init_cfg {'type': 'Constant', 'val': 0, 'override': {'name': 'norm3'}}
2026-03-28 10:24:43,679 - mmdet - INFO - initialize Bottleneck with init_cfg {'type': 'Constant', 'val': 0, 'override': {'name': 'norm3'}}
2026-03-28 10:24:43,680 - mmdet - INFO - initialize Bottleneck with init_cfg {'type': 'Constant', 'val': 0, 'override': {'name': 'norm3'}}
2026-03-28 10:24:43,742 - mmdet - INFO - initialize Bottleneck with init_cfg {'type': 'Constant', 'val': 0, 'override': {'name': 'norm3'}}
2026-03-28 10:24:43,748 - mmdet - INFO - initialize Bottleneck with init_cfg {'type': 'Constant', 'val': 0, 'override': {'name': 'norm3'}}
2026-03-28 10:24:43,754 - mmdet - INFO - initialize Bottleneck with init_cfg {'type': 'Constant', 'val': 0, 'override': {'name': 'norm3'}}
2026-03-28 10:24:43,842 - mmdet - INFO - initialize Bottleneck with init_cfg {'type': 'Constant', 'val': 0, 'override': {'name': 'norm3'}}
2026-03-28 10:24:43,848 - mmdet - INFO - initialize Bottleneck with init_cfg {'type': 'Constant', 'val': 0, 'override': {'name': 'norm3'}}
2026-03-28 10:24:43,942 - mmdet - INFO - initialize Bottleneck with init_cfg {'type': 'Constant', 'val': 0, 'override': {'name': 'norm3'}}
2026-03-28 10:24:44,042 - mmdet - INFO - initialize Bottleneck with init_cfg {'type': 'Constant', 'val': 0, 'override': {'name': 'norm3'}}
2026-03-28 10:24:44,059 - mmdet - INFO - initialize Bottleneck with init_cfg {'type': 'Constant', 'val': 0, 'override': {'name': 'norm3'}}
2026-03-28 10:24:44,147 - mmdet - INFO - initialize FPN with init_cfg {'type': 'Xavier', 'layer': 'Conv2d', 'distribution': 'uniform'}
Name of parameter - Initialization information

pts_bbox_head.level_embeds - torch.Size([4, 256]): 
Initialized by user-defined `init_weights` in DeformableDETR3DCamHeadTrackPlusRaw  

pts_bbox_head.cam_embeds - torch.Size([3, 256]): 
Initialized by user-defined `init_weights` in DeformableDETR3DCamHeadTrackPlusRaw  

pts_bbox_head.transformer.decoder.layers.0.attentions.0.attn.in_proj_weight - torch.Size([768, 256]): 
Initialized by user-defined `init_weights` in DeformableDETR3DCamHeadTrackPlusRaw  

pts_bbox_head.transformer.decoder.layers.0.attentions.0.attn.in_proj_bias - torch.Size([768]): 
The value is the same before and after calling `init_weights` of ViP3D  

pts_bbox_head.transformer.decoder.layers.0.attentions.0.attn.out_proj.weight - torch.Size([256, 256]): 
Initialized by user-defined `init_weights` in DeformableDETR3DCamHeadTrackPlusRaw  

pts_bbox_head.transformer.decoder.layers.0.attentions.0.attn.out_proj.bias - torch.Size([256]): 
The value is the same before and after calling `init_weights` of ViP3D  

pts_bbox_head.transformer.decoder.layers.0.attentions.1.attention_weights.weight - torch.Size([24, 256]): 
Initialized by user-defined `init_weights` in DeformableDETR3DCamHeadTrackPlusRaw  

pts_bbox_head.transformer.decoder.layers.0.attentions.1.attention_weights.bias - torch.Size([24]): 
The value is the same before and after calling `init_weights` of ViP3D  

pts_bbox_head.transformer.decoder.layers.0.attentions.1.output_proj.weight - torch.Size([256, 256]): 
Initialized by user-defined `init_weights` in DeformableDETR3DCamHeadTrackPlusRaw  

pts_bbox_head.transformer.decoder.layers.0.attentions.1.output_proj.bias - torch.Size([256]): 
The value is the same before and after calling `init_weights` of ViP3D  

pts_bbox_head.transformer.decoder.layers.0.attentions.1.position_encoder.0.weight - torch.Size([256, 3]): 
Initialized by user-defined `init_weights` in DeformableDETR3DCamHeadTrackPlusRaw  

pts_bbox_head.transformer.decoder.layers.0.attentions.1.position_encoder.0.bias - torch.Size([256]): 
The value is the same before and after calling `init_weights` of ViP3D  

pts_bbox_head.transformer.decoder.layers.0.attentions.1.position_encoder.1.weight - torch.Size([256]): 
The value is the same before and after calling `init_weights` of ViP3D  

pts_bbox_head.transformer.decoder.layers.0.attentions.1.position_encoder.1.bias - torch.Size([256]): 
The value is the same before and after calling `init_weights` of ViP3D  

pts_bbox_head.transformer.decoder.layers.0.attentions.1.position_encoder.3.weight - torch.Size([256, 256]): 
Initialized by user-defined `init_weights` in DeformableDETR3DCamHeadTrackPlusRaw  

pts_bbox_head.transformer.decoder.layers.0.attentions.1.position_encoder.3.bias - torch.Size([256]): 
The value is the same before and after calling `init_weights` of ViP3D  

pts_bbox_head.transformer.decoder.layers.0.attentions.1.position_encoder.4.weight - torch.Size([256]): 
The value is the same before and after calling `init_weights` of ViP3D  

pts_bbox_head.transformer.decoder.layers.0.attentions.1.position_encoder.4.bias - torch.Size([256]): 
The value is the same before and after calling `init_weights` of ViP3D  

pts_bbox_head.transformer.decoder.layers.0.ffns.0.layers.0.0.weight - torch.Size([512, 256]): 
Initialized by user-defined `init_weights` in DeformableDETR3DCamHeadTrackPlusRaw  

pts_bbox_head.transformer.decoder.layers.0.ffns.0.layers.0.0.bias - torch.Size([512]): 
The value is the same before and after calling `init_weights` of ViP3D  

pts_bbox_head.transformer.decoder.layers.0.ffns.0.layers.1.weight - torch.Size([256, 512]): 
Initialized by user-defined `init_weights` in DeformableDETR3DCamHeadTrackPlusRaw  

pts_bbox_head.transformer.decoder.layers.0.ffns.0.layers.1.bias - torch.Size([256]): 
The value is the same before and after calling `init_weights` of ViP3D  

pts_bbox_head.transformer.decoder.layers.0.norms.0.weight - torch.Size([256]): 
The value is the same before and after calling `init_weights` of ViP3D  

pts_bbox_head.transformer.decoder.layers.0.norms.0.bias - torch.Size([256]): 
The value is the same before and after calling `init_weights` of ViP3D  

pts_bbox_head.transformer.decoder.layers.0.norms.1.weight - torch.Size([256]): 
The value is the same before and after calling `init_weights` of ViP3D  

pts_bbox_head.transformer.decoder.layers.0.norms.1.bias - torch.Size([256]): 
The value is the same before and after calling `init_weights` of ViP3D  

pts_bbox_head.transformer.decoder.layers.0.norms.2.weight - torch.Size([256]): 
The value is the same before and after calling `init_weights` of ViP3D  

pts_bbox_head.transformer.decoder.layers.0.norms.2.bias - torch.Size([256]): 
The value is the same before and after calling `init_weights` of ViP3D  

pts_bbox_head.transformer.decoder.layers.1.attentions.0.attn.in_proj_weight - torch.Size([768, 256]): 
Initialized by user-defined `init_weights` in DeformableDETR3DCamHeadTrackPlusRaw  

pts_bbox_head.transformer.decoder.layers.1.attentions.0.attn.in_proj_bias - torch.Size([768]): 
The value is the same before and after calling `init_weights` of ViP3D  

pts_bbox_head.transformer.decoder.layers.1.attentions.0.attn.out_proj.weight - torch.Size([256, 256]): 
Initialized by user-defined `init_weights` in DeformableDETR3DCamHeadTrackPlusRaw  

pts_bbox_head.transformer.decoder.layers.1.attentions.0.attn.out_proj.bias - torch.Size([256]): 
The value is the same before and after calling `init_weights` of ViP3D  

pts_bbox_head.transformer.decoder.layers.1.attentions.1.attention_weights.weight - torch.Size([24, 256]): 
Initialized by user-defined `init_weights` in DeformableDETR3DCamHeadTrackPlusRaw  

pts_bbox_head.transformer.decoder.layers.1.attentions.1.attention_weights.bias - torch.Size([24]): 
The value is the same before and after calling `init_weights` of ViP3D  

pts_bbox_head.transformer.decoder.layers.1.attentions.1.output_proj.weight - torch.Size([256, 256]): 
Initialized by user-defined `init_weights` in DeformableDETR3DCamHeadTrackPlusRaw  

pts_bbox_head.transformer.decoder.layers.1.attentions.1.output_proj.bias - torch.Size([256]): 
The value is the same before and after calling `init_weights` of ViP3D  

pts_bbox_head.transformer.decoder.layers.1.attentions.1.position_encoder.0.weight - torch.Size([256, 3]): 
Initialized by user-defined `init_weights` in DeformableDETR3DCamHeadTrackPlusRaw  

pts_bbox_head.transformer.decoder.layers.1.attentions.1.position_encoder.0.bias - torch.Size([256]): 
The value is the same before and after calling `init_weights` of ViP3D  

pts_bbox_head.transformer.decoder.layers.1.attentions.1.position_encoder.1.weight - torch.Size([256]): 
The value is the same before and after calling `init_weights` of ViP3D  

pts_bbox_head.transformer.decoder.layers.1.attentions.1.position_encoder.1.bias - torch.Size([256]): 
The value is the same before and after calling `init_weights` of ViP3D  

pts_bbox_head.transformer.decoder.layers.1.attentions.1.position_encoder.3.weight - torch.Size([256, 256]): 
Initialized by user-defined `init_weights` in DeformableDETR3DCamHeadTrackPlusRaw  

pts_bbox_head.transformer.decoder.layers.1.attentions.1.position_encoder.3.bias - torch.Size([256]): 
The value is the same before and after calling `init_weights` of ViP3D  

pts_bbox_head.transformer.decoder.layers.1.attentions.1.position_encoder.4.weight - torch.Size([256]): 
The value is the same before and after calling `init_weights` of ViP3D  

pts_bbox_head.transformer.decoder.layers.1.attentions.1.position_encoder.4.bias - torch.Size([256]): 
The value is the same before and after calling `init_weights` of ViP3D  

pts_bbox_head.transformer.decoder.layers.1.ffns.0.layers.0.0.weight - torch.Size([512, 256]): 
Initialized by user-defined `init_weights` in DeformableDETR3DCamHeadTrackPlusRaw  

pts_bbox_head.transformer.decoder.layers.1.ffns.0.layers.0.0.bias - torch.Size([512]): 
The value is the same before and after calling `init_weights` of ViP3D  

pts_bbox_head.transformer.decoder.layers.1.ffns.0.layers.1.weight - torch.Size([256, 512]): 
Initialized by user-defined `init_weights` in DeformableDETR3DCamHeadTrackPlusRaw  

pts_bbox_head.transformer.decoder.layers.1.ffns.0.layers.1.bias - torch.Size([256]): 
The value is the same before and after calling `init_weights` of ViP3D  

pts_bbox_head.transformer.decoder.layers.1.norms.0.weight - torch.Size([256]): 
The value is the same before and after calling `init_weights` of ViP3D  

pts_bbox_head.transformer.decoder.layers.1.norms.0.bias - torch.Size([256]): 
The value is the same before and after calling `init_weights` of ViP3D  

pts_bbox_head.transformer.decoder.layers.1.norms.1.weight - torch.Size([256]): 
The value is the same before and after calling `init_weights` of ViP3D  

pts_bbox_head.transformer.decoder.layers.1.norms.1.bias - torch.Size([256]): 
The value is the same before and after calling `init_weights` of ViP3D  

pts_bbox_head.transformer.decoder.layers.1.norms.2.weight - torch.Size([256]): 
The value is the same before and after calling `init_weights` of ViP3D  

pts_bbox_head.transformer.decoder.layers.1.norms.2.bias - torch.Size([256]): 
The value is the same before and after calling `init_weights` of ViP3D  

pts_bbox_head.transformer.decoder.layers.2.attentions.0.attn.in_proj_weight - torch.Size([768, 256]): 
Initialized by user-defined `init_weights` in DeformableDETR3DCamHeadTrackPlusRaw  

pts_bbox_head.transformer.decoder.layers.2.attentions.0.attn.in_proj_bias - torch.Size([768]): 
The value is the same before and after calling `init_weights` of ViP3D  

pts_bbox_head.transformer.decoder.layers.2.attentions.0.attn.out_proj.weight - torch.Size([256, 256]): 
Initialized by user-defined `init_weights` in DeformableDETR3DCamHeadTrackPlusRaw  

pts_bbox_head.transformer.decoder.layers.2.attentions.0.attn.out_proj.bias - torch.Size([256]): 
The value is the same before and after calling `init_weights` of ViP3D  

pts_bbox_head.transformer.decoder.layers.2.attentions.1.attention_weights.weight - torch.Size([24, 256]): 
Initialized by user-defined `init_weights` in DeformableDETR3DCamHeadTrackPlusRaw  

pts_bbox_head.transformer.decoder.layers.2.attentions.1.attention_weights.bias - torch.Size([24]): 
The value is the same before and after calling `init_weights` of ViP3D  

pts_bbox_head.transformer.decoder.layers.2.attentions.1.output_proj.weight - torch.Size([256, 256]): 
Initialized by user-defined `init_weights` in DeformableDETR3DCamHeadTrackPlusRaw  

pts_bbox_head.transformer.decoder.layers.2.attentions.1.output_proj.bias - torch.Size([256]): 
The value is the same before and after calling `init_weights` of ViP3D  

pts_bbox_head.transformer.decoder.layers.2.attentions.1.position_encoder.0.weight - torch.Size([256, 3]): 
Initialized by user-defined `init_weights` in DeformableDETR3DCamHeadTrackPlusRaw  

pts_bbox_head.transformer.decoder.layers.2.attentions.1.position_encoder.0.bias - torch.Size([256]): 
The value is the same before and after calling `init_weights` of ViP3D  

pts_bbox_head.transformer.decoder.layers.2.attentions.1.position_encoder.1.weight - torch.Size([256]): 
The value is the same before and after calling `init_weights` of ViP3D  

pts_bbox_head.transformer.decoder.layers.2.attentions.1.position_encoder.1.bias - torch.Size([256]): 
The value is the same before and after calling `init_weights` of ViP3D  

pts_bbox_head.transformer.decoder.layers.2.attentions.1.position_encoder.3.weight - torch.Size([256, 256]): 
Initialized by user-defined `init_weights` in DeformableDETR3DCamHeadTrackPlusRaw  

pts_bbox_head.transformer.decoder.layers.2.attentions.1.position_encoder.3.bias - torch.Size([256]): 
The value is the same before and after calling `init_weights` of ViP3D  

pts_bbox_head.transformer.decoder.layers.2.attentions.1.position_encoder.4.weight - torch.Size([256]): 
The value is the same before and after calling `init_weights` of ViP3D  

pts_bbox_head.transformer.decoder.layers.2.attentions.1.position_encoder.4.bias - torch.Size([256]): 
The value is the same before and after calling `init_weights` of ViP3D  

pts_bbox_head.transformer.decoder.layers.2.ffns.0.layers.0.0.weight - torch.Size([512, 256]): 
Initialized by user-defined `init_weights` in DeformableDETR3DCamHeadTrackPlusRaw  

pts_bbox_head.transformer.decoder.layers.2.ffns.0.layers.0.0.bias - torch.Size([512]): 
The value is the same before and after calling `init_weights` of ViP3D  

pts_bbox_head.transformer.decoder.layers.2.ffns.0.layers.1.weight - torch.Size([256, 512]): 
Initialized by user-defined `init_weights` in DeformableDETR3DCamHeadTrackPlusRaw  

pts_bbox_head.transformer.decoder.layers.2.ffns.0.layers.1.bias - torch.Size([256]): 
The value is the same before and after calling `init_weights` of ViP3D  

pts_bbox_head.transformer.decoder.layers.2.norms.0.weight - torch.Size([256]): 
The value is the same before and after calling `init_weights` of ViP3D  

pts_bbox_head.transformer.decoder.layers.2.norms.0.bias - torch.Size([256]): 
The value is the same before and after calling `init_weights` of ViP3D  

pts_bbox_head.transformer.decoder.layers.2.norms.1.weight - torch.Size([256]): 
The value is the same before and after calling `init_weights` of ViP3D  

pts_bbox_head.transformer.decoder.layers.2.norms.1.bias - torch.Size([256]): 
The value is the same before and after calling `init_weights` of ViP3D  

pts_bbox_head.transformer.decoder.layers.2.norms.2.weight - torch.Size([256]): 
The value is the same before and after calling `init_weights` of ViP3D  

pts_bbox_head.transformer.decoder.layers.2.norms.2.bias - torch.Size([256]): 
The value is the same before and after calling `init_weights` of ViP3D  

pts_bbox_head.transformer.decoder.layers.3.attentions.0.attn.in_proj_weight - torch.Size([768, 256]): 
Initialized by user-defined `init_weights` in DeformableDETR3DCamHeadTrackPlusRaw  

pts_bbox_head.transformer.decoder.layers.3.attentions.0.attn.in_proj_bias - torch.Size([768]): 
The value is the same before and after calling `init_weights` of ViP3D  

pts_bbox_head.transformer.decoder.layers.3.attentions.0.attn.out_proj.weight - torch.Size([256, 256]): 
Initialized by user-defined `init_weights` in DeformableDETR3DCamHeadTrackPlusRaw  

pts_bbox_head.transformer.decoder.layers.3.attentions.0.attn.out_proj.bias - torch.Size([256]): 
The value is the same before and after calling `init_weights` of ViP3D  

pts_bbox_head.transformer.decoder.layers.3.attentions.1.attention_weights.weight - torch.Size([24, 256]): 
Initialized by user-defined `init_weights` in DeformableDETR3DCamHeadTrackPlusRaw  

pts_bbox_head.transformer.decoder.layers.3.attentions.1.attention_weights.bias - torch.Size([24]): 
The value is the same before and after calling `init_weights` of ViP3D  

pts_bbox_head.transformer.decoder.layers.3.attentions.1.output_proj.weight - torch.Size([256, 256]): 
Initialized by user-defined `init_weights` in DeformableDETR3DCamHeadTrackPlusRaw  

pts_bbox_head.transformer.decoder.layers.3.attentions.1.output_proj.bias - torch.Size([256]): 
The value is the same before and after calling `init_weights` of ViP3D  

pts_bbox_head.transformer.decoder.layers.3.attentions.1.position_encoder.0.weight - torch.Size([256, 3]): 
Initialized by user-defined `init_weights` in DeformableDETR3DCamHeadTrackPlusRaw  

pts_bbox_head.transformer.decoder.layers.3.attentions.1.position_encoder.0.bias - torch.Size([256]): 
The value is the same before and after calling `init_weights` of ViP3D  

pts_bbox_head.transformer.decoder.layers.3.attentions.1.position_encoder.1.weight - torch.Size([256]): 
The value is the same before and after calling `init_weights` of ViP3D  

pts_bbox_head.transformer.decoder.layers.3.attentions.1.position_encoder.1.bias - torch.Size([256]): 
The value is the same before and after calling `init_weights` of ViP3D  

pts_bbox_head.transformer.decoder.layers.3.attentions.1.position_encoder.3.weight - torch.Size([256, 256]): 
Initialized by user-defined `init_weights` in DeformableDETR3DCamHeadTrackPlusRaw  

pts_bbox_head.transformer.decoder.layers.3.attentions.1.position_encoder.3.bias - torch.Size([256]): 
The value is the same before and after calling `init_weights` of ViP3D  

pts_bbox_head.transformer.decoder.layers.3.attentions.1.position_encoder.4.weight - torch.Size([256]): 
The value is the same before and after calling `init_weights` of ViP3D  

pts_bbox_head.transformer.decoder.layers.3.attentions.1.position_encoder.4.bias - torch.Size([256]): 
The value is the same before and after calling `init_weights` of ViP3D  

pts_bbox_head.transformer.decoder.layers.3.ffns.0.layers.0.0.weight - torch.Size([512, 256]): 
Initialized by user-defined `init_weights` in DeformableDETR3DCamHeadTrackPlusRaw  

pts_bbox_head.transformer.decoder.layers.3.ffns.0.layers.0.0.bias - torch.Size([512]): 
The value is the same before and after calling `init_weights` of ViP3D  

pts_bbox_head.transformer.decoder.layers.3.ffns.0.layers.1.weight - torch.Size([256, 512]): 
Initialized by user-defined `init_weights` in DeformableDETR3DCamHeadTrackPlusRaw  

pts_bbox_head.transformer.decoder.layers.3.ffns.0.layers.1.bias - torch.Size([256]): 
The value is the same before and after calling `init_weights` of ViP3D  

pts_bbox_head.transformer.decoder.layers.3.norms.0.weight - torch.Size([256]): 
The value is the same before and after calling `init_weights` of ViP3D  

pts_bbox_head.transformer.decoder.layers.3.norms.0.bias - torch.Size([256]): 
The value is the same before and after calling `init_weights` of ViP3D  

pts_bbox_head.transformer.decoder.layers.3.norms.1.weight - torch.Size([256]): 
The value is the same before and after calling `init_weights` of ViP3D  

pts_bbox_head.transformer.decoder.layers.3.norms.1.bias - torch.Size([256]): 
The value is the same before and after calling `init_weights` of ViP3D  

pts_bbox_head.transformer.decoder.layers.3.norms.2.weight - torch.Size([256]): 
The value is the same before and after calling `init_weights` of ViP3D  

pts_bbox_head.transformer.decoder.layers.3.norms.2.bias - torch.Size([256]): 
The value is the same before and after calling `init_weights` of ViP3D  

pts_bbox_head.transformer.decoder.layers.4.attentions.0.attn.in_proj_weight - torch.Size([768, 256]): 
Initialized by user-defined `init_weights` in DeformableDETR3DCamHeadTrackPlusRaw  

pts_bbox_head.transformer.decoder.layers.4.attentions.0.attn.in_proj_bias - torch.Size([768]): 
The value is the same before and after calling `init_weights` of ViP3D  

pts_bbox_head.transformer.decoder.layers.4.attentions.0.attn.out_proj.weight - torch.Size([256, 256]): 
Initialized by user-defined `init_weights` in DeformableDETR3DCamHeadTrackPlusRaw  

pts_bbox_head.transformer.decoder.layers.4.attentions.0.attn.out_proj.bias - torch.Size([256]): 
The value is the same before and after calling `init_weights` of ViP3D  

pts_bbox_head.transformer.decoder.layers.4.attentions.1.attention_weights.weight - torch.Size([24, 256]): 
Initialized by user-defined `init_weights` in DeformableDETR3DCamHeadTrackPlusRaw  

pts_bbox_head.transformer.decoder.layers.4.attentions.1.attention_weights.bias - torch.Size([24]): 
The value is the same before and after calling `init_weights` of ViP3D  

pts_bbox_head.transformer.decoder.layers.4.attentions.1.output_proj.weight - torch.Size([256, 256]): 
Initialized by user-defined `init_weights` in DeformableDETR3DCamHeadTrackPlusRaw  

pts_bbox_head.transformer.decoder.layers.4.attentions.1.output_proj.bias - torch.Size([256]): 
The value is the same before and after calling `init_weights` of ViP3D  

pts_bbox_head.transformer.decoder.layers.4.attentions.1.position_encoder.0.weight - torch.Size([256, 3]): 
Initialized by user-defined `init_weights` in DeformableDETR3DCamHeadTrackPlusRaw  

pts_bbox_head.transformer.decoder.layers.4.attentions.1.position_encoder.0.bias - torch.Size([256]): 
The value is the same before and after calling `init_weights` of ViP3D  

pts_bbox_head.transformer.decoder.layers.4.attentions.1.position_encoder.1.weight - torch.Size([256]): 
The value is the same before and after calling `init_weights` of ViP3D  

pts_bbox_head.transformer.decoder.layers.4.attentions.1.position_encoder.1.bias - torch.Size([256]): 
The value is the same before and after calling `init_weights` of ViP3D  

pts_bbox_head.transformer.decoder.layers.4.attentions.1.position_encoder.3.weight - torch.Size([256, 256]): 
Initialized by user-defined `init_weights` in DeformableDETR3DCamHeadTrackPlusRaw  

pts_bbox_head.transformer.decoder.layers.4.attentions.1.position_encoder.3.bias - torch.Size([256]): 
The value is the same before and after calling `init_weights` of ViP3D  

pts_bbox_head.transformer.decoder.layers.4.attentions.1.position_encoder.4.weight - torch.Size([256]): 
The value is the same before and after calling `init_weights` of ViP3D  

pts_bbox_head.transformer.decoder.layers.4.attentions.1.position_encoder.4.bias - torch.Size([256]): 
The value is the same before and after calling `init_weights` of ViP3D  

pts_bbox_head.transformer.decoder.layers.4.ffns.0.layers.0.0.weight - torch.Size([512, 256]): 
Initialized by user-defined `init_weights` in DeformableDETR3DCamHeadTrackPlusRaw  

pts_bbox_head.transformer.decoder.layers.4.ffns.0.layers.0.0.bias - torch.Size([512]): 
The value is the same before and after calling `init_weights` of ViP3D  

pts_bbox_head.transformer.decoder.layers.4.ffns.0.layers.1.weight - torch.Size([256, 512]): 
Initialized by user-defined `init_weights` in DeformableDETR3DCamHeadTrackPlusRaw  

pts_bbox_head.transformer.decoder.layers.4.ffns.0.layers.1.bias - torch.Size([256]): 
The value is the same before and after calling `init_weights` of ViP3D  

pts_bbox_head.transformer.decoder.layers.4.norms.0.weight - torch.Size([256]): 
The value is the same before and after calling `init_weights` of ViP3D  

pts_bbox_head.transformer.decoder.layers.4.norms.0.bias - torch.Size([256]): 
The value is the same before and after calling `init_weights` of ViP3D  

pts_bbox_head.transformer.decoder.layers.4.norms.1.weight - torch.Size([256]): 
The value is the same before and after calling `init_weights` of ViP3D  

pts_bbox_head.transformer.decoder.layers.4.norms.1.bias - torch.Size([256]): 
The value is the same before and after calling `init_weights` of ViP3D  

pts_bbox_head.transformer.decoder.layers.4.norms.2.weight - torch.Size([256]): 
The value is the same before and after calling `init_weights` of ViP3D  

pts_bbox_head.transformer.decoder.layers.4.norms.2.bias - torch.Size([256]): 
The value is the same before and after calling `init_weights` of ViP3D  

pts_bbox_head.transformer.decoder.layers.5.attentions.0.attn.in_proj_weight - torch.Size([768, 256]): 
Initialized by user-defined `init_weights` in DeformableDETR3DCamHeadTrackPlusRaw  

pts_bbox_head.transformer.decoder.layers.5.attentions.0.attn.in_proj_bias - torch.Size([768]): 
The value is the same before and after calling `init_weights` of ViP3D  

pts_bbox_head.transformer.decoder.layers.5.attentions.0.attn.out_proj.weight - torch.Size([256, 256]): 
Initialized by user-defined `init_weights` in DeformableDETR3DCamHeadTrackPlusRaw  

pts_bbox_head.transformer.decoder.layers.5.attentions.0.attn.out_proj.bias - torch.Size([256]): 
The value is the same before and after calling `init_weights` of ViP3D  

pts_bbox_head.transformer.decoder.layers.5.attentions.1.attention_weights.weight - torch.Size([24, 256]): 
Initialized by user-defined `init_weights` in DeformableDETR3DCamHeadTrackPlusRaw  

pts_bbox_head.transformer.decoder.layers.5.attentions.1.attention_weights.bias - torch.Size([24]): 
The value is the same before and after calling `init_weights` of ViP3D  

pts_bbox_head.transformer.decoder.layers.5.attentions.1.output_proj.weight - torch.Size([256, 256]): 
Initialized by user-defined `init_weights` in DeformableDETR3DCamHeadTrackPlusRaw  

pts_bbox_head.transformer.decoder.layers.5.attentions.1.output_proj.bias - torch.Size([256]): 
The value is the same before and after calling `init_weights` of ViP3D  

pts_bbox_head.transformer.decoder.layers.5.attentions.1.position_encoder.0.weight - torch.Size([256, 3]): 
Initialized by user-defined `init_weights` in DeformableDETR3DCamHeadTrackPlusRaw  

pts_bbox_head.transformer.decoder.layers.5.attentions.1.position_encoder.0.bias - torch.Size([256]): 
The value is the same before and after calling `init_weights` of ViP3D  

pts_bbox_head.transformer.decoder.layers.5.attentions.1.position_encoder.1.weight - torch.Size([256]): 
The value is the same before and after calling `init_weights` of ViP3D  

pts_bbox_head.transformer.decoder.layers.5.attentions.1.position_encoder.1.bias - torch.Size([256]): 
The value is the same before and after calling `init_weights` of ViP3D  

pts_bbox_head.transformer.decoder.layers.5.attentions.1.position_encoder.3.weight - torch.Size([256, 256]): 
Initialized by user-defined `init_weights` in DeformableDETR3DCamHeadTrackPlusRaw  

pts_bbox_head.transformer.decoder.layers.5.attentions.1.position_encoder.3.bias - torch.Size([256]): 
The value is the same before and after calling `init_weights` of ViP3D  

pts_bbox_head.transformer.decoder.layers.5.attentions.1.position_encoder.4.weight - torch.Size([256]): 
The value is the same before and after calling `init_weights` of ViP3D  

pts_bbox_head.transformer.decoder.layers.5.attentions.1.position_encoder.4.bias - torch.Size([256]): 
The value is the same before and after calling `init_weights` of ViP3D  

pts_bbox_head.transformer.decoder.layers.5.ffns.0.layers.0.0.weight - torch.Size([512, 256]): 
Initialized by user-defined `init_weights` in DeformableDETR3DCamHeadTrackPlusRaw  

pts_bbox_head.transformer.decoder.layers.5.ffns.0.layers.0.0.bias - torch.Size([512]): 
The value is the same before and after calling `init_weights` of ViP3D  

pts_bbox_head.transformer.decoder.layers.5.ffns.0.layers.1.weight - torch.Size([256, 512]): 
Initialized by user-defined `init_weights` in DeformableDETR3DCamHeadTrackPlusRaw  

pts_bbox_head.transformer.decoder.layers.5.ffns.0.layers.1.bias - torch.Size([256]): 
The value is the same before and after calling `init_weights` of ViP3D  

pts_bbox_head.transformer.decoder.layers.5.norms.0.weight - torch.Size([256]): 
The value is the same before and after calling `init_weights` of ViP3D  

pts_bbox_head.transformer.decoder.layers.5.norms.0.bias - torch.Size([256]): 
The value is the same before and after calling `init_weights` of ViP3D  

pts_bbox_head.transformer.decoder.layers.5.norms.1.weight - torch.Size([256]): 
The value is the same before and after calling `init_weights` of ViP3D  

pts_bbox_head.transformer.decoder.layers.5.norms.1.bias - torch.Size([256]): 
The value is the same before and after calling `init_weights` of ViP3D  

pts_bbox_head.transformer.decoder.layers.5.norms.2.weight - torch.Size([256]): 
The value is the same before and after calling `init_weights` of ViP3D  

pts_bbox_head.transformer.decoder.layers.5.norms.2.bias - torch.Size([256]): 
The value is the same before and after calling `init_weights` of ViP3D  

pts_bbox_head.cls_branches.0.0.weight - torch.Size([256, 256]): 
The value is the same before and after calling `init_weights` of ViP3D  

pts_bbox_head.cls_branches.0.0.bias - torch.Size([256]): 
The value is the same before and after calling `init_weights` of ViP3D  

pts_bbox_head.cls_branches.0.1.weight - torch.Size([256]): 
The value is the same before and after calling `init_weights` of ViP3D  

pts_bbox_head.cls_branches.0.1.bias - torch.Size([256]): 
The value is the same before and after calling `init_weights` of ViP3D  

pts_bbox_head.cls_branches.0.3.weight - torch.Size([256, 256]): 
The value is the same before and after calling `init_weights` of ViP3D  

pts_bbox_head.cls_branches.0.3.bias - torch.Size([256]): 
The value is the same before and after calling `init_weights` of ViP3D  

pts_bbox_head.cls_branches.0.4.weight - torch.Size([256]): 
The value is the same before and after calling `init_weights` of ViP3D  

pts_bbox_head.cls_branches.0.4.bias - torch.Size([256]): 
The value is the same before and after calling `init_weights` of ViP3D  

pts_bbox_head.cls_branches.0.6.weight - torch.Size([7, 256]): 
The value is the same before and after calling `init_weights` of ViP3D  

pts_bbox_head.cls_branches.0.6.bias - torch.Size([7]): 
Initialized by user-defined `init_weights` in DeformableDETR3DCamHeadTrackPlusRaw  

pts_bbox_head.cls_branches.1.0.weight - torch.Size([256, 256]): 
The value is the same before and after calling `init_weights` of ViP3D  

pts_bbox_head.cls_branches.1.0.bias - torch.Size([256]): 
The value is the same before and after calling `init_weights` of ViP3D  

pts_bbox_head.cls_branches.1.1.weight - torch.Size([256]): 
The value is the same before and after calling `init_weights` of ViP3D  

pts_bbox_head.cls_branches.1.1.bias - torch.Size([256]): 
The value is the same before and after calling `init_weights` of ViP3D  

pts_bbox_head.cls_branches.1.3.weight - torch.Size([256, 256]): 
The value is the same before and after calling `init_weights` of ViP3D  

pts_bbox_head.cls_branches.1.3.bias - torch.Size([256]): 
The value is the same before and after calling `init_weights` of ViP3D  

pts_bbox_head.cls_branches.1.4.weight - torch.Size([256]): 
The value is the same before and after calling `init_weights` of ViP3D  

pts_bbox_head.cls_branches.1.4.bias - torch.Size([256]): 
The value is the same before and after calling `init_weights` of ViP3D  

pts_bbox_head.cls_branches.1.6.weight - torch.Size([7, 256]): 
The value is the same before and after calling `init_weights` of ViP3D  

pts_bbox_head.cls_branches.1.6.bias - torch.Size([7]): 
Initialized by user-defined `init_weights` in DeformableDETR3DCamHeadTrackPlusRaw  

pts_bbox_head.cls_branches.2.0.weight - torch.Size([256, 256]): 
The value is the same before and after calling `init_weights` of ViP3D  

pts_bbox_head.cls_branches.2.0.bias - torch.Size([256]): 
The value is the same before and after calling `init_weights` of ViP3D  

pts_bbox_head.cls_branches.2.1.weight - torch.Size([256]): 
The value is the same before and after calling `init_weights` of ViP3D  

pts_bbox_head.cls_branches.2.1.bias - torch.Size([256]): 
The value is the same before and after calling `init_weights` of ViP3D  

pts_bbox_head.cls_branches.2.3.weight - torch.Size([256, 256]): 
The value is the same before and after calling `init_weights` of ViP3D  

pts_bbox_head.cls_branches.2.3.bias - torch.Size([256]): 
The value is the same before and after calling `init_weights` of ViP3D  

pts_bbox_head.cls_branches.2.4.weight - torch.Size([256]): 
The value is the same before and after calling `init_weights` of ViP3D  

pts_bbox_head.cls_branches.2.4.bias - torch.Size([256]): 
The value is the same before and after calling `init_weights` of ViP3D  

pts_bbox_head.cls_branches.2.6.weight - torch.Size([7, 256]): 
The value is the same before and after calling `init_weights` of ViP3D  

pts_bbox_head.cls_branches.2.6.bias - torch.Size([7]): 
Initialized by user-defined `init_weights` in DeformableDETR3DCamHeadTrackPlusRaw  

pts_bbox_head.cls_branches.3.0.weight - torch.Size([256, 256]): 
The value is the same before and after calling `init_weights` of ViP3D  

pts_bbox_head.cls_branches.3.0.bias - torch.Size([256]): 
The value is the same before and after calling `init_weights` of ViP3D  

pts_bbox_head.cls_branches.3.1.weight - torch.Size([256]): 
The value is the same before and after calling `init_weights` of ViP3D  

pts_bbox_head.cls_branches.3.1.bias - torch.Size([256]): 
The value is the same before and after calling `init_weights` of ViP3D  

pts_bbox_head.cls_branches.3.3.weight - torch.Size([256, 256]): 
The value is the same before and after calling `init_weights` of ViP3D  

pts_bbox_head.cls_branches.3.3.bias - torch.Size([256]): 
The value is the same before and after calling `init_weights` of ViP3D  

pts_bbox_head.cls_branches.3.4.weight - torch.Size([256]): 
The value is the same before and after calling `init_weights` of ViP3D  

pts_bbox_head.cls_branches.3.4.bias - torch.Size([256]): 
The value is the same before and after calling `init_weights` of ViP3D  

pts_bbox_head.cls_branches.3.6.weight - torch.Size([7, 256]): 
The value is the same before and after calling `init_weights` of ViP3D  

pts_bbox_head.cls_branches.3.6.bias - torch.Size([7]): 
Initialized by user-defined `init_weights` in DeformableDETR3DCamHeadTrackPlusRaw  

pts_bbox_head.cls_branches.4.0.weight - torch.Size([256, 256]): 
The value is the same before and after calling `init_weights` of ViP3D  

pts_bbox_head.cls_branches.4.0.bias - torch.Size([256]): 
The value is the same before and after calling `init_weights` of ViP3D  

pts_bbox_head.cls_branches.4.1.weight - torch.Size([256]): 
The value is the same before and after calling `init_weights` of ViP3D  

pts_bbox_head.cls_branches.4.1.bias - torch.Size([256]): 
The value is the same before and after calling `init_weights` of ViP3D  

pts_bbox_head.cls_branches.4.3.weight - torch.Size([256, 256]): 
The value is the same before and after calling `init_weights` of ViP3D  

pts_bbox_head.cls_branches.4.3.bias - torch.Size([256]): 
The value is the same before and after calling `init_weights` of ViP3D  

pts_bbox_head.cls_branches.4.4.weight - torch.Size([256]): 
The value is the same before and after calling `init_weights` of ViP3D  

pts_bbox_head.cls_branches.4.4.bias - torch.Size([256]): 
The value is the same before and after calling `init_weights` of ViP3D  

pts_bbox_head.cls_branches.4.6.weight - torch.Size([7, 256]): 
The value is the same before and after calling `init_weights` of ViP3D  

pts_bbox_head.cls_branches.4.6.bias - torch.Size([7]): 
Initialized by user-defined `init_weights` in DeformableDETR3DCamHeadTrackPlusRaw  

pts_bbox_head.cls_branches.5.0.weight - torch.Size([256, 256]): 
The value is the same before and after calling `init_weights` of ViP3D  

pts_bbox_head.cls_branches.5.0.bias - torch.Size([256]): 
The value is the same before and after calling `init_weights` of ViP3D  

pts_bbox_head.cls_branches.5.1.weight - torch.Size([256]): 
The value is the same before and after calling `init_weights` of ViP3D  

pts_bbox_head.cls_branches.5.1.bias - torch.Size([256]): 
The value is the same before and after calling `init_weights` of ViP3D  

pts_bbox_head.cls_branches.5.3.weight - torch.Size([256, 256]): 
The value is the same before and after calling `init_weights` of ViP3D  

pts_bbox_head.cls_branches.5.3.bias - torch.Size([256]): 
The value is the same before and after calling `init_weights` of ViP3D  

pts_bbox_head.cls_branches.5.4.weight - torch.Size([256]): 
The value is the same before and after calling `init_weights` of ViP3D  

pts_bbox_head.cls_branches.5.4.bias - torch.Size([256]): 
The value is the same before and after calling `init_weights` of ViP3D  

pts_bbox_head.cls_branches.5.6.weight - torch.Size([7, 256]): 
The value is the same before and after calling `init_weights` of ViP3D  

pts_bbox_head.cls_branches.5.6.bias - torch.Size([7]): 
Initialized by user-defined `init_weights` in DeformableDETR3DCamHeadTrackPlusRaw  

pts_bbox_head.reg_branches.0.0.weight - torch.Size([256, 256]): 
The value is the same before and after calling `init_weights` of ViP3D  

pts_bbox_head.reg_branches.0.0.bias - torch.Size([256]): 
The value is the same before and after calling `init_weights` of ViP3D  

pts_bbox_head.reg_branches.0.2.weight - torch.Size([256, 256]): 
The value is the same before and after calling `init_weights` of ViP3D  

pts_bbox_head.reg_branches.0.2.bias - torch.Size([256]): 
The value is the same before and after calling `init_weights` of ViP3D  

pts_bbox_head.reg_branches.0.4.weight - torch.Size([6, 256]): 
The value is the same before and after calling `init_weights` of ViP3D  

pts_bbox_head.reg_branches.0.4.bias - torch.Size([6]): 
The value is the same before and after calling `init_weights` of ViP3D  

pts_bbox_head.reg_branches.1.0.weight - torch.Size([256, 256]): 
The value is the same before and after calling `init_weights` of ViP3D  

pts_bbox_head.reg_branches.1.0.bias - torch.Size([256]): 
The value is the same before and after calling `init_weights` of ViP3D  

pts_bbox_head.reg_branches.1.2.weight - torch.Size([256, 256]): 
The value is the same before and after calling `init_weights` of ViP3D  

pts_bbox_head.reg_branches.1.2.bias - torch.Size([256]): 
The value is the same before and after calling `init_weights` of ViP3D  

pts_bbox_head.reg_branches.1.4.weight - torch.Size([6, 256]): 
The value is the same before and after calling `init_weights` of ViP3D  

pts_bbox_head.reg_branches.1.4.bias - torch.Size([6]): 
The value is the same before and after calling `init_weights` of ViP3D  

pts_bbox_head.reg_branches.2.0.weight - torch.Size([256, 256]): 
The value is the same before and after calling `init_weights` of ViP3D  

pts_bbox_head.reg_branches.2.0.bias - torch.Size([256]): 
The value is the same before and after calling `init_weights` of ViP3D  

pts_bbox_head.reg_branches.2.2.weight - torch.Size([256, 256]): 
The value is the same before and after calling `init_weights` of ViP3D  

pts_bbox_head.reg_branches.2.2.bias - torch.Size([256]): 
The value is the same before and after calling `init_weights` of ViP3D  

pts_bbox_head.reg_branches.2.4.weight - torch.Size([6, 256]): 
The value is the same before and after calling `init_weights` of ViP3D  

pts_bbox_head.reg_branches.2.4.bias - torch.Size([6]): 
The value is the same before and after calling `init_weights` of ViP3D  

pts_bbox_head.reg_branches.3.0.weight - torch.Size([256, 256]): 
The value is the same before and after calling `init_weights` of ViP3D  

pts_bbox_head.reg_branches.3.0.bias - torch.Size([256]): 
The value is the same before and after calling `init_weights` of ViP3D  

pts_bbox_head.reg_branches.3.2.weight - torch.Size([256, 256]): 
The value is the same before and after calling `init_weights` of ViP3D  

pts_bbox_head.reg_branches.3.2.bias - torch.Size([256]): 
The value is the same before and after calling `init_weights` of ViP3D  

pts_bbox_head.reg_branches.3.4.weight - torch.Size([6, 256]): 
The value is the same before and after calling `init_weights` of ViP3D  

pts_bbox_head.reg_branches.3.4.bias - torch.Size([6]): 
The value is the same before and after calling `init_weights` of ViP3D  

pts_bbox_head.reg_branches.4.0.weight - torch.Size([256, 256]): 
The value is the same before and after calling `init_weights` of ViP3D  

pts_bbox_head.reg_branches.4.0.bias - torch.Size([256]): 
The value is the same before and after calling `init_weights` of ViP3D  

pts_bbox_head.reg_branches.4.2.weight - torch.Size([256, 256]): 
The value is the same before and after calling `init_weights` of ViP3D  

pts_bbox_head.reg_branches.4.2.bias - torch.Size([256]): 
The value is the same before and after calling `init_weights` of ViP3D  

pts_bbox_head.reg_branches.4.4.weight - torch.Size([6, 256]): 
The value is the same before and after calling `init_weights` of ViP3D  

pts_bbox_head.reg_branches.4.4.bias - torch.Size([6]): 
The value is the same before and after calling `init_weights` of ViP3D  

pts_bbox_head.reg_branches.5.0.weight - torch.Size([256, 256]): 
The value is the same before and after calling `init_weights` of ViP3D  

pts_bbox_head.reg_branches.5.0.bias - torch.Size([256]): 
The value is the same before and after calling `init_weights` of ViP3D  

pts_bbox_head.reg_branches.5.2.weight - torch.Size([256, 256]): 
The value is the same before and after calling `init_weights` of ViP3D  

pts_bbox_head.reg_branches.5.2.bias - torch.Size([256]): 
The value is the same before and after calling `init_weights` of ViP3D  

pts_bbox_head.reg_branches.5.4.weight - torch.Size([6, 256]): 
The value is the same before and after calling `init_weights` of ViP3D  

pts_bbox_head.reg_branches.5.4.bias - torch.Size([6]): 
The value is the same before and after calling `init_weights` of ViP3D  

pts_bbox_head.direction_branches.0.0.weight - torch.Size([256, 256]): 
The value is the same before and after calling `init_weights` of ViP3D  

pts_bbox_head.direction_branches.0.0.bias - torch.Size([256]): 
The value is the same before and after calling `init_weights` of ViP3D  

pts_bbox_head.direction_branches.0.2.weight - torch.Size([256, 256]): 
The value is the same before and after calling `init_weights` of ViP3D  

pts_bbox_head.direction_branches.0.2.bias - torch.Size([256]): 
The value is the same before and after calling `init_weights` of ViP3D  

pts_bbox_head.direction_branches.0.4.weight - torch.Size([2, 256]): 
The value is the same before and after calling `init_weights` of ViP3D  

pts_bbox_head.direction_branches.0.4.bias - torch.Size([2]): 
The value is the same before and after calling `init_weights` of ViP3D  

pts_bbox_head.direction_branches.1.0.weight - torch.Size([256, 256]): 
The value is the same before and after calling `init_weights` of ViP3D  

pts_bbox_head.direction_branches.1.0.bias - torch.Size([256]): 
The value is the same before and after calling `init_weights` of ViP3D  

pts_bbox_head.direction_branches.1.2.weight - torch.Size([256, 256]): 
The value is the same before and after calling `init_weights` of ViP3D  

pts_bbox_head.direction_branches.1.2.bias - torch.Size([256]): 
The value is the same before and after calling `init_weights` of ViP3D  

pts_bbox_head.direction_branches.1.4.weight - torch.Size([2, 256]): 
The value is the same before and after calling `init_weights` of ViP3D  

pts_bbox_head.direction_branches.1.4.bias - torch.Size([2]): 
The value is the same before and after calling `init_weights` of ViP3D  

pts_bbox_head.direction_branches.2.0.weight - torch.Size([256, 256]): 
The value is the same before and after calling `init_weights` of ViP3D  

pts_bbox_head.direction_branches.2.0.bias - torch.Size([256]): 
The value is the same before and after calling `init_weights` of ViP3D  

pts_bbox_head.direction_branches.2.2.weight - torch.Size([256, 256]): 
The value is the same before and after calling `init_weights` of ViP3D  

pts_bbox_head.direction_branches.2.2.bias - torch.Size([256]): 
The value is the same before and after calling `init_weights` of ViP3D  

pts_bbox_head.direction_branches.2.4.weight - torch.Size([2, 256]): 
The value is the same before and after calling `init_weights` of ViP3D  

pts_bbox_head.direction_branches.2.4.bias - torch.Size([2]): 
The value is the same before and after calling `init_weights` of ViP3D  

pts_bbox_head.direction_branches.3.0.weight - torch.Size([256, 256]): 
The value is the same before and after calling `init_weights` of ViP3D  

pts_bbox_head.direction_branches.3.0.bias - torch.Size([256]): 
The value is the same before and after calling `init_weights` of ViP3D  

pts_bbox_head.direction_branches.3.2.weight - torch.Size([256, 256]): 
The value is the same before and after calling `init_weights` of ViP3D  

pts_bbox_head.direction_branches.3.2.bias - torch.Size([256]): 
The value is the same before and after calling `init_weights` of ViP3D  

pts_bbox_head.direction_branches.3.4.weight - torch.Size([2, 256]): 
The value is the same before and after calling `init_weights` of ViP3D  

pts_bbox_head.direction_branches.3.4.bias - torch.Size([2]): 
The value is the same before and after calling `init_weights` of ViP3D  

pts_bbox_head.direction_branches.4.0.weight - torch.Size([256, 256]): 
The value is the same before and after calling `init_weights` of ViP3D  

pts_bbox_head.direction_branches.4.0.bias - torch.Size([256]): 
The value is the same before and after calling `init_weights` of ViP3D  

pts_bbox_head.direction_branches.4.2.weight - torch.Size([256, 256]): 
The value is the same before and after calling `init_weights` of ViP3D  

pts_bbox_head.direction_branches.4.2.bias - torch.Size([256]): 
The value is the same before and after calling `init_weights` of ViP3D  

pts_bbox_head.direction_branches.4.4.weight - torch.Size([2, 256]): 
The value is the same before and after calling `init_weights` of ViP3D  

pts_bbox_head.direction_branches.4.4.bias - torch.Size([2]): 
The value is the same before and after calling `init_weights` of ViP3D  

pts_bbox_head.direction_branches.5.0.weight - torch.Size([256, 256]): 
The value is the same before and after calling `init_weights` of ViP3D  

pts_bbox_head.direction_branches.5.0.bias - torch.Size([256]): 
The value is the same before and after calling `init_weights` of ViP3D  

pts_bbox_head.direction_branches.5.2.weight - torch.Size([256, 256]): 
The value is the same before and after calling `init_weights` of ViP3D  

pts_bbox_head.direction_branches.5.2.bias - torch.Size([256]): 
The value is the same before and after calling `init_weights` of ViP3D  

pts_bbox_head.direction_branches.5.4.weight - torch.Size([2, 256]): 
The value is the same before and after calling `init_weights` of ViP3D  

pts_bbox_head.direction_branches.5.4.bias - torch.Size([2]): 
The value is the same before and after calling `init_weights` of ViP3D  

pts_bbox_head.velo_branches.0.0.weight - torch.Size([256, 256]): 
The value is the same before and after calling `init_weights` of ViP3D  

pts_bbox_head.velo_branches.0.0.bias - torch.Size([256]): 
The value is the same before and after calling `init_weights` of ViP3D  

pts_bbox_head.velo_branches.0.2.weight - torch.Size([256, 256]): 
The value is the same before and after calling `init_weights` of ViP3D  

pts_bbox_head.velo_branches.0.2.bias - torch.Size([256]): 
The value is the same before and after calling `init_weights` of ViP3D  

pts_bbox_head.velo_branches.0.4.weight - torch.Size([2, 256]): 
The value is the same before and after calling `init_weights` of ViP3D  

pts_bbox_head.velo_branches.0.4.bias - torch.Size([2]): 
The value is the same before and after calling `init_weights` of ViP3D  

pts_bbox_head.velo_branches.1.0.weight - torch.Size([256, 256]): 
The value is the same before and after calling `init_weights` of ViP3D  

pts_bbox_head.velo_branches.1.0.bias - torch.Size([256]): 
The value is the same before and after calling `init_weights` of ViP3D  

pts_bbox_head.velo_branches.1.2.weight - torch.Size([256, 256]): 
The value is the same before and after calling `init_weights` of ViP3D  

pts_bbox_head.velo_branches.1.2.bias - torch.Size([256]): 
The value is the same before and after calling `init_weights` of ViP3D  

pts_bbox_head.velo_branches.1.4.weight - torch.Size([2, 256]): 
The value is the same before and after calling `init_weights` of ViP3D  

pts_bbox_head.velo_branches.1.4.bias - torch.Size([2]): 
The value is the same before and after calling `init_weights` of ViP3D  

pts_bbox_head.velo_branches.2.0.weight - torch.Size([256, 256]): 
The value is the same before and after calling `init_weights` of ViP3D  

pts_bbox_head.velo_branches.2.0.bias - torch.Size([256]): 
The value is the same before and after calling `init_weights` of ViP3D  

pts_bbox_head.velo_branches.2.2.weight - torch.Size([256, 256]): 
The value is the same before and after calling `init_weights` of ViP3D  

pts_bbox_head.velo_branches.2.2.bias - torch.Size([256]): 
The value is the same before and after calling `init_weights` of ViP3D  

pts_bbox_head.velo_branches.2.4.weight - torch.Size([2, 256]): 
The value is the same before and after calling `init_weights` of ViP3D  

pts_bbox_head.velo_branches.2.4.bias - torch.Size([2]): 
The value is the same before and after calling `init_weights` of ViP3D  

pts_bbox_head.velo_branches.3.0.weight - torch.Size([256, 256]): 
The value is the same before and after calling `init_weights` of ViP3D  

pts_bbox_head.velo_branches.3.0.bias - torch.Size([256]): 
The value is the same before and after calling `init_weights` of ViP3D  

pts_bbox_head.velo_branches.3.2.weight - torch.Size([256, 256]): 
The value is the same before and after calling `init_weights` of ViP3D  

pts_bbox_head.velo_branches.3.2.bias - torch.Size([256]): 
The value is the same before and after calling `init_weights` of ViP3D  

pts_bbox_head.velo_branches.3.4.weight - torch.Size([2, 256]): 
The value is the same before and after calling `init_weights` of ViP3D  

pts_bbox_head.velo_branches.3.4.bias - torch.Size([2]): 
The value is the same before and after calling `init_weights` of ViP3D  

pts_bbox_head.velo_branches.4.0.weight - torch.Size([256, 256]): 
The value is the same before and after calling `init_weights` of ViP3D  

pts_bbox_head.velo_branches.4.0.bias - torch.Size([256]): 
The value is the same before and after calling `init_weights` of ViP3D  

pts_bbox_head.velo_branches.4.2.weight - torch.Size([256, 256]): 
The value is the same before and after calling `init_weights` of ViP3D  

pts_bbox_head.velo_branches.4.2.bias - torch.Size([256]): 
The value is the same before and after calling `init_weights` of ViP3D  

pts_bbox_head.velo_branches.4.4.weight - torch.Size([2, 256]): 
The value is the same before and after calling `init_weights` of ViP3D  

pts_bbox_head.velo_branches.4.4.bias - torch.Size([2]): 
The value is the same before and after calling `init_weights` of ViP3D  

pts_bbox_head.velo_branches.5.0.weight - torch.Size([256, 256]): 
The value is the same before and after calling `init_weights` of ViP3D  

pts_bbox_head.velo_branches.5.0.bias - torch.Size([256]): 
The value is the same before and after calling `init_weights` of ViP3D  

pts_bbox_head.velo_branches.5.2.weight - torch.Size([256, 256]): 
The value is the same before and after calling `init_weights` of ViP3D  

pts_bbox_head.velo_branches.5.2.bias - torch.Size([256]): 
The value is the same before and after calling `init_weights` of ViP3D  

pts_bbox_head.velo_branches.5.4.weight - torch.Size([2, 256]): 
The value is the same before and after calling `init_weights` of ViP3D  

pts_bbox_head.velo_branches.5.4.bias - torch.Size([2]): 
The value is the same before and after calling `init_weights` of ViP3D  

img_backbone.conv1.weight - torch.Size([64, 3, 7, 7]): 
KaimingInit: a=0, mode=fan_out, nonlinearity=relu, distribution =normal, bias=0 

img_backbone.bn1.weight - torch.Size([64]): 
The value is the same before and after calling `init_weights` of ViP3D  

img_backbone.bn1.bias - torch.Size([64]): 
The value is the same before and after calling `init_weights` of ViP3D  

img_backbone.layer1.0.conv1.weight - torch.Size([64, 64, 1, 1]): 
KaimingInit: a=0, mode=fan_out, nonlinearity=relu, distribution =normal, bias=0 

img_backbone.layer1.0.bn1.weight - torch.Size([64]): 
The value is the same before and after calling `init_weights` of ViP3D  

img_backbone.layer1.0.bn1.bias - torch.Size([64]): 
The value is the same before and after calling `init_weights` of ViP3D  

img_backbone.layer1.0.conv2.weight - torch.Size([64, 64, 3, 3]): 
KaimingInit: a=0, mode=fan_out, nonlinearity=relu, distribution =normal, bias=0 

img_backbone.layer1.0.bn2.weight - torch.Size([64]): 
The value is the same before and after calling `init_weights` of ViP3D  

img_backbone.layer1.0.bn2.bias - torch.Size([64]): 
The value is the same before and after calling `init_weights` of ViP3D  

img_backbone.layer1.0.conv3.weight - torch.Size([256, 64, 1, 1]): 
KaimingInit: a=0, mode=fan_out, nonlinearity=relu, distribution =normal, bias=0 

img_backbone.layer1.0.bn3.weight - torch.Size([256]): 
ConstantInit: val=0, bias=0 

img_backbone.layer1.0.bn3.bias - torch.Size([256]): 
The value is the same before and after calling `init_weights` of ViP3D  

img_backbone.layer1.0.downsample.0.weight - torch.Size([256, 64, 1, 1]): 
KaimingInit: a=0, mode=fan_out, nonlinearity=relu, distribution =normal, bias=0 

img_backbone.layer1.0.downsample.1.weight - torch.Size([256]): 
The value is the same before and after calling `init_weights` of ViP3D  

img_backbone.layer1.0.downsample.1.bias - torch.Size([256]): 
The value is the same before and after calling `init_weights` of ViP3D  

img_backbone.layer1.1.conv1.weight - torch.Size([64, 256, 1, 1]): 
KaimingInit: a=0, mode=fan_out, nonlinearity=relu, distribution =normal, bias=0 

img_backbone.layer1.1.bn1.weight - torch.Size([64]): 
The value is the same before and after calling `init_weights` of ViP3D  

img_backbone.layer1.1.bn1.bias - torch.Size([64]): 
The value is the same before and after calling `init_weights` of ViP3D  

img_backbone.layer1.1.conv2.weight - torch.Size([64, 64, 3, 3]): 
KaimingInit: a=0, mode=fan_out, nonlinearity=relu, distribution =normal, bias=0 

img_backbone.layer1.1.bn2.weight - torch.Size([64]): 
The value is the same before and after calling `init_weights` of ViP3D  

img_backbone.layer1.1.bn2.bias - torch.Size([64]): 
The value is the same before and after calling `init_weights` of ViP3D  

img_backbone.layer1.1.conv3.weight - torch.Size([256, 64, 1, 1]): 
KaimingInit: a=0, mode=fan_out, nonlinearity=relu, distribution =normal, bias=0 

img_backbone.layer1.1.bn3.weight - torch.Size([256]): 
ConstantInit: val=0, bias=0 

img_backbone.layer1.1.bn3.bias - torch.Size([256]): 
The value is the same before and after calling `init_weights` of ViP3D  

img_backbone.layer1.2.conv1.weight - torch.Size([64, 256, 1, 1]): 
KaimingInit: a=0, mode=fan_out, nonlinearity=relu, distribution =normal, bias=0 

img_backbone.layer1.2.bn1.weight - torch.Size([64]): 
The value is the same before and after calling `init_weights` of ViP3D  

img_backbone.layer1.2.bn1.bias - torch.Size([64]): 
The value is the same before and after calling `init_weights` of ViP3D  

img_backbone.layer1.2.conv2.weight - torch.Size([64, 64, 3, 3]): 
KaimingInit: a=0, mode=fan_out, nonlinearity=relu, distribution =normal, bias=0 

img_backbone.layer1.2.bn2.weight - torch.Size([64]): 
The value is the same before and after calling `init_weights` of ViP3D  

img_backbone.layer1.2.bn2.bias - torch.Size([64]): 
The value is the same before and after calling `init_weights` of ViP3D  

img_backbone.layer1.2.conv3.weight - torch.Size([256, 64, 1, 1]): 
KaimingInit: a=0, mode=fan_out, nonlinearity=relu, distribution =normal, bias=0 

img_backbone.layer1.2.bn3.weight - torch.Size([256]): 
ConstantInit: val=0, bias=0 

img_backbone.layer1.2.bn3.bias - torch.Size([256]): 
The value is the same before and after calling `init_weights` of ViP3D  

img_backbone.layer2.0.conv1.weight - torch.Size([128, 256, 1, 1]): 
KaimingInit: a=0, mode=fan_out, nonlinearity=relu, distribution =normal, bias=0 

img_backbone.layer2.0.bn1.weight - torch.Size([128]): 
The value is the same before and after calling `init_weights` of ViP3D  

img_backbone.layer2.0.bn1.bias - torch.Size([128]): 
The value is the same before and after calling `init_weights` of ViP3D  

img_backbone.layer2.0.conv2.weight - torch.Size([128, 128, 3, 3]): 
KaimingInit: a=0, mode=fan_out, nonlinearity=relu, distribution =normal, bias=0 

img_backbone.layer2.0.bn2.weight - torch.Size([128]): 
The value is the same before and after calling `init_weights` of ViP3D  

img_backbone.layer2.0.bn2.bias - torch.Size([128]): 
The value is the same before and after calling `init_weights` of ViP3D  

img_backbone.layer2.0.conv3.weight - torch.Size([512, 128, 1, 1]): 
KaimingInit: a=0, mode=fan_out, nonlinearity=relu, distribution =normal, bias=0 

img_backbone.layer2.0.bn3.weight - torch.Size([512]): 
ConstantInit: val=0, bias=0 

img_backbone.layer2.0.bn3.bias - torch.Size([512]): 
The value is the same before and after calling `init_weights` of ViP3D  

img_backbone.layer2.0.downsample.0.weight - torch.Size([512, 256, 1, 1]): 
KaimingInit: a=0, mode=fan_out, nonlinearity=relu, distribution =normal, bias=0 

img_backbone.layer2.0.downsample.1.weight - torch.Size([512]): 
The value is the same before and after calling `init_weights` of ViP3D  

img_backbone.layer2.0.downsample.1.bias - torch.Size([512]): 
The value is the same before and after calling `init_weights` of ViP3D  

img_backbone.layer2.1.conv1.weight - torch.Size([128, 512, 1, 1]): 
KaimingInit: a=0, mode=fan_out, nonlinearity=relu, distribution =normal, bias=0 

img_backbone.layer2.1.bn1.weight - torch.Size([128]): 
The value is the same before and after calling `init_weights` of ViP3D  

img_backbone.layer2.1.bn1.bias - torch.Size([128]): 
The value is the same before and after calling `init_weights` of ViP3D  

img_backbone.layer2.1.conv2.weight - torch.Size([128, 128, 3, 3]): 
KaimingInit: a=0, mode=fan_out, nonlinearity=relu, distribution =normal, bias=0 

img_backbone.layer2.1.bn2.weight - torch.Size([128]): 
The value is the same before and after calling `init_weights` of ViP3D  

img_backbone.layer2.1.bn2.bias - torch.Size([128]): 
The value is the same before and after calling `init_weights` of ViP3D  

img_backbone.layer2.1.conv3.weight - torch.Size([512, 128, 1, 1]): 
KaimingInit: a=0, mode=fan_out, nonlinearity=relu, distribution =normal, bias=0 

img_backbone.layer2.1.bn3.weight - torch.Size([512]): 
ConstantInit: val=0, bias=0 

img_backbone.layer2.1.bn3.bias - torch.Size([512]): 
The value is the same before and after calling `init_weights` of ViP3D  

img_backbone.layer2.2.conv1.weight - torch.Size([128, 512, 1, 1]): 
KaimingInit: a=0, mode=fan_out, nonlinearity=relu, distribution =normal, bias=0 

img_backbone.layer2.2.bn1.weight - torch.Size([128]): 
The value is the same before and after calling `init_weights` of ViP3D  

img_backbone.layer2.2.bn1.bias - torch.Size([128]): 
The value is the same before and after calling `init_weights` of ViP3D  

img_backbone.layer2.2.conv2.weight - torch.Size([128, 128, 3, 3]): 
KaimingInit: a=0, mode=fan_out, nonlinearity=relu, distribution =normal, bias=0 

img_backbone.layer2.2.bn2.weight - torch.Size([128]): 
The value is the same before and after calling `init_weights` of ViP3D  

img_backbone.layer2.2.bn2.bias - torch.Size([128]): 
The value is the same before and after calling `init_weights` of ViP3D  

img_backbone.layer2.2.conv3.weight - torch.Size([512, 128, 1, 1]): 
KaimingInit: a=0, mode=fan_out, nonlinearity=relu, distribution =normal, bias=0 

img_backbone.layer2.2.bn3.weight - torch.Size([512]): 
ConstantInit: val=0, bias=0 

img_backbone.layer2.2.bn3.bias - torch.Size([512]): 
The value is the same before and after calling `init_weights` of ViP3D  

img_backbone.layer2.3.conv1.weight - torch.Size([128, 512, 1, 1]): 
KaimingInit: a=0, mode=fan_out, nonlinearity=relu, distribution =normal, bias=0 

img_backbone.layer2.3.bn1.weight - torch.Size([128]): 
The value is the same before and after calling `init_weights` of ViP3D  

img_backbone.layer2.3.bn1.bias - torch.Size([128]): 
The value is the same before and after calling `init_weights` of ViP3D  

img_backbone.layer2.3.conv2.weight - torch.Size([128, 128, 3, 3]): 
KaimingInit: a=0, mode=fan_out, nonlinearity=relu, distribution =normal, bias=0 

img_backbone.layer2.3.bn2.weight - torch.Size([128]): 
The value is the same before and after calling `init_weights` of ViP3D  

img_backbone.layer2.3.bn2.bias - torch.Size([128]): 
The value is the same before and after calling `init_weights` of ViP3D  

img_backbone.layer2.3.conv3.weight - torch.Size([512, 128, 1, 1]): 
KaimingInit: a=0, mode=fan_out, nonlinearity=relu, distribution =normal, bias=0 

img_backbone.layer2.3.bn3.weight - torch.Size([512]): 
ConstantInit: val=0, bias=0 

img_backbone.layer2.3.bn3.bias - torch.Size([512]): 
The value is the same before and after calling `init_weights` of ViP3D  

img_backbone.layer3.0.conv1.weight - torch.Size([256, 512, 1, 1]): 
KaimingInit: a=0, mode=fan_out, nonlinearity=relu, distribution =normal, bias=0 

img_backbone.layer3.0.bn1.weight - torch.Size([256]): 
The value is the same before and after calling `init_weights` of ViP3D  

img_backbone.layer3.0.bn1.bias - torch.Size([256]): 
The value is the same before and after calling `init_weights` of ViP3D  

img_backbone.layer3.0.conv2.weight - torch.Size([256, 256, 3, 3]): 
Initialized by user-defined `init_weights` in ModulatedDeformConv2dPack  

img_backbone.layer3.0.conv2.conv_offset.weight - torch.Size([27, 256, 3, 3]): 
Initialized by user-defined `init_weights` in ModulatedDeformConv2dPack  

img_backbone.layer3.0.conv2.conv_offset.bias - torch.Size([27]): 
The value is the same before and after calling `init_weights` of ViP3D  

img_backbone.layer3.0.bn2.weight - torch.Size([256]): 
The value is the same before and after calling `init_weights` of ViP3D  

img_backbone.layer3.0.bn2.bias - torch.Size([256]): 
The value is the same before and after calling `init_weights` of ViP3D  

img_backbone.layer3.0.conv3.weight - torch.Size([1024, 256, 1, 1]): 
KaimingInit: a=0, mode=fan_out, nonlinearity=relu, distribution =normal, bias=0 

img_backbone.layer3.0.bn3.weight - torch.Size([1024]): 
ConstantInit: val=0, bias=0 

img_backbone.layer3.0.bn3.bias - torch.Size([1024]): 
The value is the same before and after calling `init_weights` of ViP3D  

img_backbone.layer3.0.downsample.0.weight - torch.Size([1024, 512, 1, 1]): 
KaimingInit: a=0, mode=fan_out, nonlinearity=relu, distribution =normal, bias=0 

img_backbone.layer3.0.downsample.1.weight - torch.Size([1024]): 
The value is the same before and after calling `init_weights` of ViP3D  

img_backbone.layer3.0.downsample.1.bias - torch.Size([1024]): 
The value is the same before and after calling `init_weights` of ViP3D  

img_backbone.layer3.1.conv1.weight - torch.Size([256, 1024, 1, 1]): 
KaimingInit: a=0, mode=fan_out, nonlinearity=relu, distribution =normal, bias=0 

img_backbone.layer3.1.bn1.weight - torch.Size([256]): 
The value is the same before and after calling `init_weights` of ViP3D  

img_backbone.layer3.1.bn1.bias - torch.Size([256]): 
The value is the same before and after calling `init_weights` of ViP3D  

img_backbone.layer3.1.conv2.weight - torch.Size([256, 256, 3, 3]): 
Initialized by user-defined `init_weights` in ModulatedDeformConv2dPack  

img_backbone.layer3.1.conv2.conv_offset.weight - torch.Size([27, 256, 3, 3]): 
Initialized by user-defined `init_weights` in ModulatedDeformConv2dPack  

img_backbone.layer3.1.conv2.conv_offset.bias - torch.Size([27]): 
The value is the same before and after calling `init_weights` of ViP3D  

img_backbone.layer3.1.bn2.weight - torch.Size([256]): 
The value is the same before and after calling `init_weights` of ViP3D  

img_backbone.layer3.1.bn2.bias - torch.Size([256]): 
The value is the same before and after calling `init_weights` of ViP3D  

img_backbone.layer3.1.conv3.weight - torch.Size([1024, 256, 1, 1]): 
KaimingInit: a=0, mode=fan_out, nonlinearity=relu, distribution =normal, bias=0 

img_backbone.layer3.1.bn3.weight - torch.Size([1024]): 
ConstantInit: val=0, bias=0 

img_backbone.layer3.1.bn3.bias - torch.Size([1024]): 
The value is the same before and after calling `init_weights` of ViP3D  

img_backbone.layer3.2.conv1.weight - torch.Size([256, 1024, 1, 1]): 
KaimingInit: a=0, mode=fan_out, nonlinearity=relu, distribution =normal, bias=0 

img_backbone.layer3.2.bn1.weight - torch.Size([256]): 
The value is the same before and after calling `init_weights` of ViP3D  

img_backbone.layer3.2.bn1.bias - torch.Size([256]): 
The value is the same before and after calling `init_weights` of ViP3D  

img_backbone.layer3.2.conv2.weight - torch.Size([256, 256, 3, 3]): 
Initialized by user-defined `init_weights` in ModulatedDeformConv2dPack  

img_backbone.layer3.2.conv2.conv_offset.weight - torch.Size([27, 256, 3, 3]): 
Initialized by user-defined `init_weights` in ModulatedDeformConv2dPack  

img_backbone.layer3.2.conv2.conv_offset.bias - torch.Size([27]): 
The value is the same before and after calling `init_weights` of ViP3D  

img_backbone.layer3.2.bn2.weight - torch.Size([256]): 
The value is the same before and after calling `init_weights` of ViP3D  

img_backbone.layer3.2.bn2.bias - torch.Size([256]): 
The value is the same before and after calling `init_weights` of ViP3D  

img_backbone.layer3.2.conv3.weight - torch.Size([1024, 256, 1, 1]): 
KaimingInit: a=0, mode=fan_out, nonlinearity=relu, distribution =normal, bias=0 

img_backbone.layer3.2.bn3.weight - torch.Size([1024]): 
ConstantInit: val=0, bias=0 

img_backbone.layer3.2.bn3.bias - torch.Size([1024]): 
The value is the same before and after calling `init_weights` of ViP3D  

img_backbone.layer3.3.conv1.weight - torch.Size([256, 1024, 1, 1]): 
KaimingInit: a=0, mode=fan_out, nonlinearity=relu, distribution =normal, bias=0 

img_backbone.layer3.3.bn1.weight - torch.Size([256]): 
The value is the same before and after calling `init_weights` of ViP3D  

img_backbone.layer3.3.bn1.bias - torch.Size([256]): 
The value is the same before and after calling `init_weights` of ViP3D  

img_backbone.layer3.3.conv2.weight - torch.Size([256, 256, 3, 3]): 
Initialized by user-defined `init_weights` in ModulatedDeformConv2dPack  

img_backbone.layer3.3.conv2.conv_offset.weight - torch.Size([27, 256, 3, 3]): 
Initialized by user-defined `init_weights` in ModulatedDeformConv2dPack  

img_backbone.layer3.3.conv2.conv_offset.bias - torch.Size([27]): 
The value is the same before and after calling `init_weights` of ViP3D  

img_backbone.layer3.3.bn2.weight - torch.Size([256]): 
The value is the same before and after calling `init_weights` of ViP3D  

img_backbone.layer3.3.bn2.bias - torch.Size([256]): 
The value is the same before and after calling `init_weights` of ViP3D  

img_backbone.layer3.3.conv3.weight - torch.Size([1024, 256, 1, 1]): 
KaimingInit: a=0, mode=fan_out, nonlinearity=relu, distribution =normal, bias=0 

img_backbone.layer3.3.bn3.weight - torch.Size([1024]): 
ConstantInit: val=0, bias=0 

img_backbone.layer3.3.bn3.bias - torch.Size([1024]): 
The value is the same before and after calling `init_weights` of ViP3D  

img_backbone.layer3.4.conv1.weight - torch.Size([256, 1024, 1, 1]): 
KaimingInit: a=0, mode=fan_out, nonlinearity=relu, distribution =normal, bias=0 

img_backbone.layer3.4.bn1.weight - torch.Size([256]): 
The value is the same before and after calling `init_weights` of ViP3D  

img_backbone.layer3.4.bn1.bias - torch.Size([256]): 
The value is the same before and after calling `init_weights` of ViP3D  

img_backbone.layer3.4.conv2.weight - torch.Size([256, 256, 3, 3]): 
Initialized by user-defined `init_weights` in ModulatedDeformConv2dPack  

img_backbone.layer3.4.conv2.conv_offset.weight - torch.Size([27, 256, 3, 3]): 
Initialized by user-defined `init_weights` in ModulatedDeformConv2dPack  

img_backbone.layer3.4.conv2.conv_offset.bias - torch.Size([27]): 
The value is the same before and after calling `init_weights` of ViP3D  

img_backbone.layer3.4.bn2.weight - torch.Size([256]): 
The value is the same before and after calling `init_weights` of ViP3D  

img_backbone.layer3.4.bn2.bias - torch.Size([256]): 
The value is the same before and after calling `init_weights` of ViP3D  

img_backbone.layer3.4.conv3.weight - torch.Size([1024, 256, 1, 1]): 
KaimingInit: a=0, mode=fan_out, nonlinearity=relu, distribution =normal, bias=0 

img_backbone.layer3.4.bn3.weight - torch.Size([1024]): 
ConstantInit: val=0, bias=0 

img_backbone.layer3.4.bn3.bias - torch.Size([1024]): 
The value is the same before and after calling `init_weights` of ViP3D  

img_backbone.layer3.5.conv1.weight - torch.Size([256, 1024, 1, 1]): 
KaimingInit: a=0, mode=fan_out, nonlinearity=relu, distribution =normal, bias=0 

img_backbone.layer3.5.bn1.weight - torch.Size([256]): 
The value is the same before and after calling `init_weights` of ViP3D  

img_backbone.layer3.5.bn1.bias - torch.Size([256]): 
The value is the same before and after calling `init_weights` of ViP3D  

img_backbone.layer3.5.conv2.weight - torch.Size([256, 256, 3, 3]): 
Initialized by user-defined `init_weights` in ModulatedDeformConv2dPack  

img_backbone.layer3.5.conv2.conv_offset.weight - torch.Size([27, 256, 3, 3]): 
Initialized by user-defined `init_weights` in ModulatedDeformConv2dPack  

img_backbone.layer3.5.conv2.conv_offset.bias - torch.Size([27]): 
The value is the same before and after calling `init_weights` of ViP3D  

img_backbone.layer3.5.bn2.weight - torch.Size([256]): 
The value is the same before and after calling `init_weights` of ViP3D  

img_backbone.layer3.5.bn2.bias - torch.Size([256]): 
The value is the same before and after calling `init_weights` of ViP3D  

img_backbone.layer3.5.conv3.weight - torch.Size([1024, 256, 1, 1]): 
KaimingInit: a=0, mode=fan_out, nonlinearity=relu, distribution =normal, bias=0 

img_backbone.layer3.5.bn3.weight - torch.Size([1024]): 
ConstantInit: val=0, bias=0 

img_backbone.layer3.5.bn3.bias - torch.Size([1024]): 
The value is the same before and after calling `init_weights` of ViP3D  

img_backbone.layer4.0.conv1.weight - torch.Size([512, 1024, 1, 1]): 
KaimingInit: a=0, mode=fan_out, nonlinearity=relu, distribution =normal, bias=0 

img_backbone.layer4.0.bn1.weight - torch.Size([512]): 
The value is the same before and after calling `init_weights` of ViP3D  

img_backbone.layer4.0.bn1.bias - torch.Size([512]): 
The value is the same before and after calling `init_weights` of ViP3D  

img_backbone.layer4.0.conv2.weight - torch.Size([512, 512, 3, 3]): 
Initialized by user-defined `init_weights` in ModulatedDeformConv2dPack  

img_backbone.layer4.0.conv2.conv_offset.weight - torch.Size([27, 512, 3, 3]): 
Initialized by user-defined `init_weights` in ModulatedDeformConv2dPack  

img_backbone.layer4.0.conv2.conv_offset.bias - torch.Size([27]): 
The value is the same before and after calling `init_weights` of ViP3D  

img_backbone.layer4.0.bn2.weight - torch.Size([512]): 
The value is the same before and after calling `init_weights` of ViP3D  

img_backbone.layer4.0.bn2.bias - torch.Size([512]): 
The value is the same before and after calling `init_weights` of ViP3D  

img_backbone.layer4.0.conv3.weight - torch.Size([2048, 512, 1, 1]): 
KaimingInit: a=0, mode=fan_out, nonlinearity=relu, distribution =normal, bias=0 

img_backbone.layer4.0.bn3.weight - torch.Size([2048]): 
ConstantInit: val=0, bias=0 

img_backbone.layer4.0.bn3.bias - torch.Size([2048]): 
The value is the same before and after calling `init_weights` of ViP3D  

img_backbone.layer4.0.downsample.0.weight - torch.Size([2048, 1024, 1, 1]): 
KaimingInit: a=0, mode=fan_out, nonlinearity=relu, distribution =normal, bias=0 

img_backbone.layer4.0.downsample.1.weight - torch.Size([2048]): 
The value is the same before and after calling `init_weights` of ViP3D  

img_backbone.layer4.0.downsample.1.bias - torch.Size([2048]): 
The value is the same before and after calling `init_weights` of ViP3D  

img_backbone.layer4.1.conv1.weight - torch.Size([512, 2048, 1, 1]): 
KaimingInit: a=0, mode=fan_out, nonlinearity=relu, distribution =normal, bias=0 

img_backbone.layer4.1.bn1.weight - torch.Size([512]): 
The value is the same before and after calling `init_weights` of ViP3D  

img_backbone.layer4.1.bn1.bias - torch.Size([512]): 
The value is the same before and after calling `init_weights` of ViP3D  

img_backbone.layer4.1.conv2.weight - torch.Size([512, 512, 3, 3]): 
Initialized by user-defined `init_weights` in ModulatedDeformConv2dPack  

img_backbone.layer4.1.conv2.conv_offset.weight - torch.Size([27, 512, 3, 3]): 
Initialized by user-defined `init_weights` in ModulatedDeformConv2dPack  

img_backbone.layer4.1.conv2.conv_offset.bias - torch.Size([27]): 
The value is the same before and after calling `init_weights` of ViP3D  

img_backbone.layer4.1.bn2.weight - torch.Size([512]): 
The value is the same before and after calling `init_weights` of ViP3D  

img_backbone.layer4.1.bn2.bias - torch.Size([512]): 
The value is the same before and after calling `init_weights` of ViP3D  

img_backbone.layer4.1.conv3.weight - torch.Size([2048, 512, 1, 1]): 
KaimingInit: a=0, mode=fan_out, nonlinearity=relu, distribution =normal, bias=0 

img_backbone.layer4.1.bn3.weight - torch.Size([2048]): 
ConstantInit: val=0, bias=0 

img_backbone.layer4.1.bn3.bias - torch.Size([2048]): 
The value is the same before and after calling `init_weights` of ViP3D  

img_backbone.layer4.2.conv1.weight - torch.Size([512, 2048, 1, 1]): 
KaimingInit: a=0, mode=fan_out, nonlinearity=relu, distribution =normal, bias=0 

img_backbone.layer4.2.bn1.weight - torch.Size([512]): 
The value is the same before and after calling `init_weights` of ViP3D  

img_backbone.layer4.2.bn1.bias - torch.Size([512]): 
The value is the same before and after calling `init_weights` of ViP3D  

img_backbone.layer4.2.conv2.weight - torch.Size([512, 512, 3, 3]): 
Initialized by user-defined `init_weights` in ModulatedDeformConv2dPack  

img_backbone.layer4.2.conv2.conv_offset.weight - torch.Size([27, 512, 3, 3]): 
Initialized by user-defined `init_weights` in ModulatedDeformConv2dPack  

img_backbone.layer4.2.conv2.conv_offset.bias - torch.Size([27]): 
The value is the same before and after calling `init_weights` of ViP3D  

img_backbone.layer4.2.bn2.weight - torch.Size([512]): 
The value is the same before and after calling `init_weights` of ViP3D  

img_backbone.layer4.2.bn2.bias - torch.Size([512]): 
The value is the same before and after calling `init_weights` of ViP3D  

img_backbone.layer4.2.conv3.weight - torch.Size([2048, 512, 1, 1]): 
KaimingInit: a=0, mode=fan_out, nonlinearity=relu, distribution =normal, bias=0 

img_backbone.layer4.2.bn3.weight - torch.Size([2048]): 
ConstantInit: val=0, bias=0 

img_backbone.layer4.2.bn3.bias - torch.Size([2048]): 
The value is the same before and after calling `init_weights` of ViP3D  

img_neck.lateral_convs.0.conv.weight - torch.Size([256, 512, 1, 1]): 
XavierInit: gain=1, distribution=uniform, bias=0 

img_neck.lateral_convs.0.bn.weight - torch.Size([256]): 
The value is the same before and after calling `init_weights` of ViP3D  

img_neck.lateral_convs.0.bn.bias - torch.Size([256]): 
The value is the same before and after calling `init_weights` of ViP3D  

img_neck.lateral_convs.1.conv.weight - torch.Size([256, 1024, 1, 1]): 
XavierInit: gain=1, distribution=uniform, bias=0 

img_neck.lateral_convs.1.bn.weight - torch.Size([256]): 
The value is the same before and after calling `init_weights` of ViP3D  

img_neck.lateral_convs.1.bn.bias - torch.Size([256]): 
The value is the same before and after calling `init_weights` of ViP3D  

img_neck.lateral_convs.2.conv.weight - torch.Size([256, 2048, 1, 1]): 
XavierInit: gain=1, distribution=uniform, bias=0 

img_neck.lateral_convs.2.bn.weight - torch.Size([256]): 
The value is the same before and after calling `init_weights` of ViP3D  

img_neck.lateral_convs.2.bn.bias - torch.Size([256]): 
The value is the same before and after calling `init_weights` of ViP3D  

img_neck.fpn_convs.0.conv.weight - torch.Size([256, 256, 3, 3]): 
XavierInit: gain=1, distribution=uniform, bias=0 

img_neck.fpn_convs.0.bn.weight - torch.Size([256]): 
The value is the same before and after calling `init_weights` of ViP3D  

img_neck.fpn_convs.0.bn.bias - torch.Size([256]): 
The value is the same before and after calling `init_weights` of ViP3D  

img_neck.fpn_convs.1.conv.weight - torch.Size([256, 256, 3, 3]): 
XavierInit: gain=1, distribution=uniform, bias=0 

img_neck.fpn_convs.1.bn.weight - torch.Size([256]): 
The value is the same before and after calling `init_weights` of ViP3D  

img_neck.fpn_convs.1.bn.bias - torch.Size([256]): 
The value is the same before and after calling `init_weights` of ViP3D  

img_neck.fpn_convs.2.conv.weight - torch.Size([256, 256, 3, 3]): 
XavierInit: gain=1, distribution=uniform, bias=0 

img_neck.fpn_convs.2.bn.weight - torch.Size([256]): 
The value is the same before and after calling `init_weights` of ViP3D  

img_neck.fpn_convs.2.bn.bias - torch.Size([256]): 
The value is the same before and after calling `init_weights` of ViP3D  

img_neck.fpn_convs.3.conv.weight - torch.Size([256, 2048, 3, 3]): 
XavierInit: gain=1, distribution=uniform, bias=0 

img_neck.fpn_convs.3.bn.weight - torch.Size([256]): 
The value is the same before and after calling `init_weights` of ViP3D  

img_neck.fpn_convs.3.bn.bias - torch.Size([256]): 
The value is the same before and after calling `init_weights` of ViP3D  

bbox_size_fc.weight - torch.Size([3, 256]): 
The value is the same before and after calling `init_weights` of ViP3D  

bbox_size_fc.bias - torch.Size([3]): 
The value is the same before and after calling `init_weights` of ViP3D  

query_embedding.weight - torch.Size([300, 512]): 
The value is the same before and after calling `init_weights` of ViP3D  

reference_points.weight - torch.Size([3, 256]): 
The value is the same before and after calling `init_weights` of ViP3D  

reference_points.bias - torch.Size([3]): 
The value is the same before and after calling `init_weights` of ViP3D  

query_interact.self_attn.in_proj_weight - torch.Size([768, 256]): 
The value is the same before and after calling `init_weights` of ViP3D  

query_interact.self_attn.in_proj_bias - torch.Size([768]): 
The value is the same before and after calling `init_weights` of ViP3D  

query_interact.self_attn.out_proj.weight - torch.Size([256, 256]): 
The value is the same before and after calling `init_weights` of ViP3D  

query_interact.self_attn.out_proj.bias - torch.Size([256]): 
The value is the same before and after calling `init_weights` of ViP3D  

query_interact.linear1.weight - torch.Size([256, 256]): 
The value is the same before and after calling `init_weights` of ViP3D  

query_interact.linear1.bias - torch.Size([256]): 
The value is the same before and after calling `init_weights` of ViP3D  

query_interact.linear2.weight - torch.Size([256, 256]): 
The value is the same before and after calling `init_weights` of ViP3D  

query_interact.linear2.bias - torch.Size([256]): 
The value is the same before and after calling `init_weights` of ViP3D  

query_interact.linear_pos1.weight - torch.Size([256, 256]): 
The value is the same before and after calling `init_weights` of ViP3D  

query_interact.linear_pos1.bias - torch.Size([256]): 
The value is the same before and after calling `init_weights` of ViP3D  

query_interact.linear_pos2.weight - torch.Size([256, 256]): 
The value is the same before and after calling `init_weights` of ViP3D  

query_interact.linear_pos2.bias - torch.Size([256]): 
The value is the same before and after calling `init_weights` of ViP3D  

query_interact.norm_pos.weight - torch.Size([256]): 
The value is the same before and after calling `init_weights` of ViP3D  

query_interact.norm_pos.bias - torch.Size([256]): 
The value is the same before and after calling `init_weights` of ViP3D  

query_interact.linear_feat1.weight - torch.Size([256, 256]): 
The value is the same before and after calling `init_weights` of ViP3D  

query_interact.linear_feat1.bias - torch.Size([256]): 
The value is the same before and after calling `init_weights` of ViP3D  

query_interact.linear_feat2.weight - torch.Size([256, 256]): 
The value is the same before and after calling `init_weights` of ViP3D  

query_interact.linear_feat2.bias - torch.Size([256]): 
The value is the same before and after calling `init_weights` of ViP3D  

query_interact.norm_feat.weight - torch.Size([256]): 
The value is the same before and after calling `init_weights` of ViP3D  

query_interact.norm_feat.bias - torch.Size([256]): 
The value is the same before and after calling `init_weights` of ViP3D  

query_interact.norm1.weight - torch.Size([256]): 
The value is the same before and after calling `init_weights` of ViP3D  

query_interact.norm1.bias - torch.Size([256]): 
The value is the same before and after calling `init_weights` of ViP3D  

query_interact.norm2.weight - torch.Size([256]): 
The value is the same before and after calling `init_weights` of ViP3D  

query_interact.norm2.bias - torch.Size([256]): 
The value is the same before and after calling `init_weights` of ViP3D  

memory_bank.save_proj.weight - torch.Size([256, 256]): 
The value is the same before and after calling `init_weights` of ViP3D  

memory_bank.save_proj.bias - torch.Size([256]): 
The value is the same before and after calling `init_weights` of ViP3D  

memory_bank.temporal_attn.in_proj_weight - torch.Size([768, 256]): 
The value is the same before and after calling `init_weights` of ViP3D  

memory_bank.temporal_attn.in_proj_bias - torch.Size([768]): 
The value is the same before and after calling `init_weights` of ViP3D  

memory_bank.temporal_attn.out_proj.weight - torch.Size([256, 256]): 
The value is the same before and after calling `init_weights` of ViP3D  

memory_bank.temporal_attn.out_proj.bias - torch.Size([256]): 
The value is the same before and after calling `init_weights` of ViP3D  

memory_bank.temporal_fc1.weight - torch.Size([256, 256]): 
The value is the same before and after calling `init_weights` of ViP3D  

memory_bank.temporal_fc1.bias - torch.Size([256]): 
The value is the same before and after calling `init_weights` of ViP3D  

memory_bank.temporal_fc2.weight - torch.Size([256, 256]): 
The value is the same before and after calling `init_weights` of ViP3D  

memory_bank.temporal_fc2.bias - torch.Size([256]): 
The value is the same before and after calling `init_weights` of ViP3D  

memory_bank.temporal_norm1.weight - torch.Size([256]): 
The value is the same before and after calling `init_weights` of ViP3D  

memory_bank.temporal_norm1.bias - torch.Size([256]): 
The value is the same before and after calling `init_weights` of ViP3D  

memory_bank.temporal_norm2.weight - torch.Size([256]): 
The value is the same before and after calling `init_weights` of ViP3D  

memory_bank.temporal_norm2.bias - torch.Size([256]): 
The value is the same before and after calling `init_weights` of ViP3D  

add_branch_mlp.linear.weight - torch.Size([256, 256]): 
The value is the same before and after calling `init_weights` of ViP3D  

add_branch_mlp.linear.bias - torch.Size([256]): 
The value is the same before and after calling `init_weights` of ViP3D  

add_branch_mlp.layer_norm.weight - torch.Size([256]): 
The value is the same before and after calling `init_weights` of ViP3D  

add_branch_mlp.layer_norm.bias - torch.Size([256]): 
The value is the same before and after calling `init_weights` of ViP3D  

add_branch_attention.attentions.0.attn.in_proj_weight - torch.Size([768, 256]): 
The value is the same before and after calling `init_weights` of ViP3D  

add_branch_attention.attentions.0.attn.in_proj_bias - torch.Size([768]): 
The value is the same before and after calling `init_weights` of ViP3D  

add_branch_attention.attentions.0.attn.out_proj.weight - torch.Size([256, 256]): 
The value is the same before and after calling `init_weights` of ViP3D  

add_branch_attention.attentions.0.attn.out_proj.bias - torch.Size([256]): 
The value is the same before and after calling `init_weights` of ViP3D  

add_branch_attention.attentions.1.attention_weights.weight - torch.Size([24, 256]): 
The value is the same before and after calling `init_weights` of ViP3D  

add_branch_attention.attentions.1.attention_weights.bias - torch.Size([24]): 
The value is the same before and after calling `init_weights` of ViP3D  

add_branch_attention.attentions.1.output_proj.weight - torch.Size([256, 256]): 
The value is the same before and after calling `init_weights` of ViP3D  

add_branch_attention.attentions.1.output_proj.bias - torch.Size([256]): 
The value is the same before and after calling `init_weights` of ViP3D  

add_branch_attention.attentions.1.position_encoder.0.weight - torch.Size([256, 3]): 
The value is the same before and after calling `init_weights` of ViP3D  

add_branch_attention.attentions.1.position_encoder.0.bias - torch.Size([256]): 
The value is the same before and after calling `init_weights` of ViP3D  

add_branch_attention.attentions.1.position_encoder.1.weight - torch.Size([256]): 
The value is the same before and after calling `init_weights` of ViP3D  

add_branch_attention.attentions.1.position_encoder.1.bias - torch.Size([256]): 
The value is the same before and after calling `init_weights` of ViP3D  

add_branch_attention.attentions.1.position_encoder.3.weight - torch.Size([256, 256]): 
The value is the same before and after calling `init_weights` of ViP3D  

add_branch_attention.attentions.1.position_encoder.3.bias - torch.Size([256]): 
The value is the same before and after calling `init_weights` of ViP3D  

add_branch_attention.attentions.1.position_encoder.4.weight - torch.Size([256]): 
The value is the same before and after calling `init_weights` of ViP3D  

add_branch_attention.attentions.1.position_encoder.4.bias - torch.Size([256]): 
The value is the same before and after calling `init_weights` of ViP3D  

add_branch_attention.ffns.0.layers.0.0.weight - torch.Size([512, 256]): 
The value is the same before and after calling `init_weights` of ViP3D  

add_branch_attention.ffns.0.layers.0.0.bias - torch.Size([512]): 
The value is the same before and after calling `init_weights` of ViP3D  

add_branch_attention.ffns.0.layers.1.weight - torch.Size([256, 512]): 
The value is the same before and after calling `init_weights` of ViP3D  

add_branch_attention.ffns.0.layers.1.bias - torch.Size([256]): 
The value is the same before and after calling `init_weights` of ViP3D  

add_branch_attention.norms.0.weight - torch.Size([256]): 
The value is the same before and after calling `init_weights` of ViP3D  

add_branch_attention.norms.0.bias - torch.Size([256]): 
The value is the same before and after calling `init_weights` of ViP3D  

add_branch_attention.norms.1.weight - torch.Size([256]): 
The value is the same before and after calling `init_weights` of ViP3D  

add_branch_attention.norms.1.bias - torch.Size([256]): 
The value is the same before and after calling `init_weights` of ViP3D  

add_branch_attention.norms.2.weight - torch.Size([256]): 
The value is the same before and after calling `init_weights` of ViP3D  

add_branch_attention.norms.2.bias - torch.Size([256]): 
The value is the same before and after calling `init_weights` of ViP3D  

agents_layer_mlp_0.0.linear.weight - torch.Size([256, 256]): 
The value is the same before and after calling `init_weights` of ViP3D  

agents_layer_mlp_0.0.linear.bias - torch.Size([256]): 
The value is the same before and after calling `init_weights` of ViP3D  

agents_layer_mlp_0.0.layer_norm.weight - torch.Size([256]): 
The value is the same before and after calling `init_weights` of ViP3D  

agents_layer_mlp_0.0.layer_norm.bias - torch.Size([256]): 
The value is the same before and after calling `init_weights` of ViP3D  

agents_layer_mlp_0.1.linear.weight - torch.Size([256, 256]): 
The value is the same before and after calling `init_weights` of ViP3D  

agents_layer_mlp_0.1.linear.bias - torch.Size([256]): 
The value is the same before and after calling `init_weights` of ViP3D  

agents_layer_mlp_0.1.layer_norm.weight - torch.Size([256]): 
The value is the same before and after calling `init_weights` of ViP3D  

agents_layer_mlp_0.1.layer_norm.bias - torch.Size([256]): 
The value is the same before and after calling `init_weights` of ViP3D  

predictor.sub_graph.layers.0.linear.weight - torch.Size([64, 128]): 
The value is the same before and after calling `init_weights` of ViP3D  

predictor.sub_graph.layers.0.linear.bias - torch.Size([64]): 
The value is the same before and after calling `init_weights` of ViP3D  

predictor.sub_graph.layers.0.layer_norm.weight - torch.Size([64]): 
The value is the same before and after calling `init_weights` of ViP3D  

predictor.sub_graph.layers.0.layer_norm.bias - torch.Size([64]): 
The value is the same before and after calling `init_weights` of ViP3D  

predictor.sub_graph.layers.1.linear.weight - torch.Size([64, 128]): 
The value is the same before and after calling `init_weights` of ViP3D  

predictor.sub_graph.layers.1.linear.bias - torch.Size([64]): 
The value is the same before and after calling `init_weights` of ViP3D  

predictor.sub_graph.layers.1.layer_norm.weight - torch.Size([64]): 
The value is the same before and after calling `init_weights` of ViP3D  

predictor.sub_graph.layers.1.layer_norm.bias - torch.Size([64]): 
The value is the same before and after calling `init_weights` of ViP3D  

predictor.sub_graph.layers.2.linear.weight - torch.Size([64, 128]): 
The value is the same before and after calling `init_weights` of ViP3D  

predictor.sub_graph.layers.2.linear.bias - torch.Size([64]): 
The value is the same before and after calling `init_weights` of ViP3D  

predictor.sub_graph.layers.2.layer_norm.weight - torch.Size([64]): 
The value is the same before and after calling `init_weights` of ViP3D  

predictor.sub_graph.layers.2.layer_norm.bias - torch.Size([64]): 
The value is the same before and after calling `init_weights` of ViP3D  

predictor.point_level_sub_graph.layers.0.query.weight - torch.Size([128, 128]): 
The value is the same before and after calling `init_weights` of ViP3D  

predictor.point_level_sub_graph.layers.0.query.bias - torch.Size([128]): 
The value is the same before and after calling `init_weights` of ViP3D  

predictor.point_level_sub_graph.layers.0.key.weight - torch.Size([128, 128]): 
The value is the same before and after calling `init_weights` of ViP3D  

predictor.point_level_sub_graph.layers.0.key.bias - torch.Size([128]): 
The value is the same before and after calling `init_weights` of ViP3D  

predictor.point_level_sub_graph.layers.0.value.weight - torch.Size([128, 128]): 
The value is the same before and after calling `init_weights` of ViP3D  

predictor.point_level_sub_graph.layers.0.value.bias - torch.Size([128]): 
The value is the same before and after calling `init_weights` of ViP3D  

predictor.point_level_sub_graph.layers.1.query.weight - torch.Size([128, 128]): 
The value is the same before and after calling `init_weights` of ViP3D  

predictor.point_level_sub_graph.layers.1.query.bias - torch.Size([128]): 
The value is the same before and after calling `init_weights` of ViP3D  

predictor.point_level_sub_graph.layers.1.key.weight - torch.Size([128, 128]): 
The value is the same before and after calling `init_weights` of ViP3D  

predictor.point_level_sub_graph.layers.1.key.bias - torch.Size([128]): 
The value is the same before and after calling `init_weights` of ViP3D  

predictor.point_level_sub_graph.layers.1.value.weight - torch.Size([128, 128]): 
The value is the same before and after calling `init_weights` of ViP3D  

predictor.point_level_sub_graph.layers.1.value.bias - torch.Size([128]): 
The value is the same before and after calling `init_weights` of ViP3D  

predictor.point_level_sub_graph.layers.2.query.weight - torch.Size([128, 128]): 
The value is the same before and after calling `init_weights` of ViP3D  

predictor.point_level_sub_graph.layers.2.query.bias - torch.Size([128]): 
The value is the same before and after calling `init_weights` of ViP3D  

predictor.point_level_sub_graph.layers.2.key.weight - torch.Size([128, 128]): 
The value is the same before and after calling `init_weights` of ViP3D  

predictor.point_level_sub_graph.layers.2.key.bias - torch.Size([128]): 
The value is the same before and after calling `init_weights` of ViP3D  

predictor.point_level_sub_graph.layers.2.value.weight - torch.Size([128, 128]): 
The value is the same before and after calling `init_weights` of ViP3D  

predictor.point_level_sub_graph.layers.2.value.bias - torch.Size([128]): 
The value is the same before and after calling `init_weights` of ViP3D  

predictor.point_level_sub_graph.layer_0.linear.weight - torch.Size([128, 128]): 
The value is the same before and after calling `init_weights` of ViP3D  

predictor.point_level_sub_graph.layer_0.linear.bias - torch.Size([128]): 
The value is the same before and after calling `init_weights` of ViP3D  

predictor.point_level_sub_graph.layer_0.layer_norm.weight - torch.Size([128]): 
The value is the same before and after calling `init_weights` of ViP3D  

predictor.point_level_sub_graph.layer_0.layer_norm.bias - torch.Size([128]): 
The value is the same before and after calling `init_weights` of ViP3D  

predictor.point_level_sub_graph.layers_2.0.weight - torch.Size([128]): 
The value is the same before and after calling `init_weights` of ViP3D  

predictor.point_level_sub_graph.layers_2.0.bias - torch.Size([128]): 
The value is the same before and after calling `init_weights` of ViP3D  

predictor.point_level_sub_graph.layers_2.1.weight - torch.Size([128]): 
The value is the same before and after calling `init_weights` of ViP3D  

predictor.point_level_sub_graph.layers_2.1.bias - torch.Size([128]): 
The value is the same before and after calling `init_weights` of ViP3D  

predictor.point_level_sub_graph.layers_2.2.weight - torch.Size([128]): 
The value is the same before and after calling `init_weights` of ViP3D  

predictor.point_level_sub_graph.layers_2.2.bias - torch.Size([128]): 
The value is the same before and after calling `init_weights` of ViP3D  

predictor.point_level_sub_graph.layers_3.0.weight - torch.Size([128]): 
The value is the same before and after calling `init_weights` of ViP3D  

predictor.point_level_sub_graph.layers_3.0.bias - torch.Size([128]): 
The value is the same before and after calling `init_weights` of ViP3D  

predictor.point_level_sub_graph.layers_3.1.weight - torch.Size([128]): 
The value is the same before and after calling `init_weights` of ViP3D  

predictor.point_level_sub_graph.layers_3.1.bias - torch.Size([128]): 
The value is the same before and after calling `init_weights` of ViP3D  

predictor.point_level_sub_graph.layers_3.2.weight - torch.Size([128]): 
The value is the same before and after calling `init_weights` of ViP3D  

predictor.point_level_sub_graph.layers_3.2.bias - torch.Size([128]): 
The value is the same before and after calling `init_weights` of ViP3D  

predictor.point_level_sub_graph.layers_4.0.query.weight - torch.Size([128, 128]): 
The value is the same before and after calling `init_weights` of ViP3D  

predictor.point_level_sub_graph.layers_4.0.query.bias - torch.Size([128]): 
The value is the same before and after calling `init_weights` of ViP3D  

predictor.point_level_sub_graph.layers_4.0.key.weight - torch.Size([128, 128]): 
The value is the same before and after calling `init_weights` of ViP3D  

predictor.point_level_sub_graph.layers_4.0.key.bias - torch.Size([128]): 
The value is the same before and after calling `init_weights` of ViP3D  

predictor.point_level_sub_graph.layers_4.0.value.weight - torch.Size([128, 128]): 
The value is the same before and after calling `init_weights` of ViP3D  

predictor.point_level_sub_graph.layers_4.0.value.bias - torch.Size([128]): 
The value is the same before and after calling `init_weights` of ViP3D  

predictor.point_level_sub_graph.layers_4.1.query.weight - torch.Size([128, 128]): 
The value is the same before and after calling `init_weights` of ViP3D  

predictor.point_level_sub_graph.layers_4.1.query.bias - torch.Size([128]): 
The value is the same before and after calling `init_weights` of ViP3D  

predictor.point_level_sub_graph.layers_4.1.key.weight - torch.Size([128, 128]): 
The value is the same before and after calling `init_weights` of ViP3D  

predictor.point_level_sub_graph.layers_4.1.key.bias - torch.Size([128]): 
The value is the same before and after calling `init_weights` of ViP3D  

predictor.point_level_sub_graph.layers_4.1.value.weight - torch.Size([128, 128]): 
The value is the same before and after calling `init_weights` of ViP3D  

predictor.point_level_sub_graph.layers_4.1.value.bias - torch.Size([128]): 
The value is the same before and after calling `init_weights` of ViP3D  

predictor.point_level_sub_graph.layers_4.2.query.weight - torch.Size([128, 128]): 
The value is the same before and after calling `init_weights` of ViP3D  

predictor.point_level_sub_graph.layers_4.2.query.bias - torch.Size([128]): 
The value is the same before and after calling `init_weights` of ViP3D  

predictor.point_level_sub_graph.layers_4.2.key.weight - torch.Size([128, 128]): 
The value is the same before and after calling `init_weights` of ViP3D  

predictor.point_level_sub_graph.layers_4.2.key.bias - torch.Size([128]): 
The value is the same before and after calling `init_weights` of ViP3D  

predictor.point_level_sub_graph.layers_4.2.value.weight - torch.Size([128, 128]): 
The value is the same before and after calling `init_weights` of ViP3D  

predictor.point_level_sub_graph.layers_4.2.value.bias - torch.Size([128]): 
The value is the same before and after calling `init_weights` of ViP3D  

predictor.point_level_sub_graph.layer_0_again.linear.weight - torch.Size([128, 128]): 
The value is the same before and after calling `init_weights` of ViP3D  

predictor.point_level_sub_graph.layer_0_again.linear.bias - torch.Size([128]): 
The value is the same before and after calling `init_weights` of ViP3D  

predictor.point_level_sub_graph.layer_0_again.layer_norm.weight - torch.Size([128]): 
The value is the same before and after calling `init_weights` of ViP3D  

predictor.point_level_sub_graph.layer_0_again.layer_norm.bias - torch.Size([128]): 
The value is the same before and after calling `init_weights` of ViP3D  

predictor.point_level_cross_attention.query.weight - torch.Size([128, 128]): 
The value is the same before and after calling `init_weights` of ViP3D  

predictor.point_level_cross_attention.query.bias - torch.Size([128]): 
The value is the same before and after calling `init_weights` of ViP3D  

predictor.point_level_cross_attention.key.weight - torch.Size([128, 128]): 
The value is the same before and after calling `init_weights` of ViP3D  

predictor.point_level_cross_attention.key.bias - torch.Size([128]): 
The value is the same before and after calling `init_weights` of ViP3D  

predictor.point_level_cross_attention.value.weight - torch.Size([128, 128]): 
The value is the same before and after calling `init_weights` of ViP3D  

predictor.point_level_cross_attention.value.bias - torch.Size([128]): 
The value is the same before and after calling `init_weights` of ViP3D  

predictor.global_graph.query.weight - torch.Size([128, 128]): 
The value is the same before and after calling `init_weights` of ViP3D  

predictor.global_graph.query.bias - torch.Size([128]): 
The value is the same before and after calling `init_weights` of ViP3D  

predictor.global_graph.key.weight - torch.Size([128, 128]): 
The value is the same before and after calling `init_weights` of ViP3D  

predictor.global_graph.key.bias - torch.Size([128]): 
The value is the same before and after calling `init_weights` of ViP3D  

predictor.global_graph.value.weight - torch.Size([128, 128]): 
The value is the same before and after calling `init_weights` of ViP3D  

predictor.global_graph.value.bias - torch.Size([128]): 
The value is the same before and after calling `init_weights` of ViP3D  

predictor.laneGCN_A2L.query.weight - torch.Size([128, 128]): 
The value is the same before and after calling `init_weights` of ViP3D  

predictor.laneGCN_A2L.query.bias - torch.Size([128]): 
The value is the same before and after calling `init_weights` of ViP3D  

predictor.laneGCN_A2L.key.weight - torch.Size([128, 128]): 
The value is the same before and after calling `init_weights` of ViP3D  

predictor.laneGCN_A2L.key.bias - torch.Size([128]): 
The value is the same before and after calling `init_weights` of ViP3D  

predictor.laneGCN_A2L.value.weight - torch.Size([128, 128]): 
The value is the same before and after calling `init_weights` of ViP3D  

predictor.laneGCN_A2L.value.bias - torch.Size([128]): 
The value is the same before and after calling `init_weights` of ViP3D  

predictor.laneGCN_L2L.global_graph.query.weight - torch.Size([64, 128]): 
The value is the same before and after calling `init_weights` of ViP3D  

predictor.laneGCN_L2L.global_graph.query.bias - torch.Size([64]): 
The value is the same before and after calling `init_weights` of ViP3D  

predictor.laneGCN_L2L.global_graph.key.weight - torch.Size([64, 128]): 
The value is the same before and after calling `init_weights` of ViP3D  

predictor.laneGCN_L2L.global_graph.key.bias - torch.Size([64]): 
The value is the same before and after calling `init_weights` of ViP3D  

predictor.laneGCN_L2L.global_graph.value.weight - torch.Size([64, 128]): 
The value is the same before and after calling `init_weights` of ViP3D  

predictor.laneGCN_L2L.global_graph.value.bias - torch.Size([64]): 
The value is the same before and after calling `init_weights` of ViP3D  

predictor.laneGCN_L2L.global_graph2.query.weight - torch.Size([64, 128]): 
The value is the same before and after calling `init_weights` of ViP3D  

predictor.laneGCN_L2L.global_graph2.query.bias - torch.Size([64]): 
The value is the same before and after calling `init_weights` of ViP3D  

predictor.laneGCN_L2L.global_graph2.key.weight - torch.Size([64, 128]): 
The value is the same before and after calling `init_weights` of ViP3D  

predictor.laneGCN_L2L.global_graph2.key.bias - torch.Size([64]): 
The value is the same before and after calling `init_weights` of ViP3D  

predictor.laneGCN_L2L.global_graph2.value.weight - torch.Size([64, 128]): 
The value is the same before and after calling `init_weights` of ViP3D  

predictor.laneGCN_L2L.global_graph2.value.bias - torch.Size([64]): 
The value is the same before and after calling `init_weights` of ViP3D  

predictor.laneGCN_L2A.query.weight - torch.Size([128, 128]): 
The value is the same before and after calling `init_weights` of ViP3D  

predictor.laneGCN_L2A.query.bias - torch.Size([128]): 
The value is the same before and after calling `init_weights` of ViP3D  

predictor.laneGCN_L2A.key.weight - torch.Size([128, 128]): 
The value is the same before and after calling `init_weights` of ViP3D  

predictor.laneGCN_L2A.key.bias - torch.Size([128]): 
The value is the same before and after calling `init_weights` of ViP3D  

predictor.laneGCN_L2A.value.weight - torch.Size([128, 128]): 
The value is the same before and after calling `init_weights` of ViP3D  

predictor.laneGCN_L2A.value.bias - torch.Size([128]): 
The value is the same before and after calling `init_weights` of ViP3D  

predictor.sub_graph_map.layers.0.linear.weight - torch.Size([64, 128]): 
The value is the same before and after calling `init_weights` of ViP3D  

predictor.sub_graph_map.layers.0.linear.bias - torch.Size([64]): 
The value is the same before and after calling `init_weights` of ViP3D  

predictor.sub_graph_map.layers.0.layer_norm.weight - torch.Size([64]): 
The value is the same before and after calling `init_weights` of ViP3D  

predictor.sub_graph_map.layers.0.layer_norm.bias - torch.Size([64]): 
The value is the same before and after calling `init_weights` of ViP3D  

predictor.sub_graph_map.layers.1.linear.weight - torch.Size([64, 128]): 
The value is the same before and after calling `init_weights` of ViP3D  

predictor.sub_graph_map.layers.1.linear.bias - torch.Size([64]): 
The value is the same before and after calling `init_weights` of ViP3D  

predictor.sub_graph_map.layers.1.layer_norm.weight - torch.Size([64]): 
The value is the same before and after calling `init_weights` of ViP3D  

predictor.sub_graph_map.layers.1.layer_norm.bias - torch.Size([64]): 
The value is the same before and after calling `init_weights` of ViP3D  

predictor.sub_graph_map.layers.2.linear.weight - torch.Size([64, 128]): 
The value is the same before and after calling `init_weights` of ViP3D  

predictor.sub_graph_map.layers.2.linear.bias - torch.Size([64]): 
The value is the same before and after calling `init_weights` of ViP3D  

predictor.sub_graph_map.layers.2.layer_norm.weight - torch.Size([64]): 
The value is the same before and after calling `init_weights` of ViP3D  

predictor.sub_graph_map.layers.2.layer_norm.bias - torch.Size([64]): 
The value is the same before and after calling `init_weights` of ViP3D  

predictor.decoder.decoder.mlp.linear.weight - torch.Size([128, 128]): 
The value is the same before and after calling `init_weights` of ViP3D  

predictor.decoder.decoder.mlp.linear.bias - torch.Size([128]): 
The value is the same before and after calling `init_weights` of ViP3D  

predictor.decoder.decoder.mlp.layer_norm.weight - torch.Size([128]): 
The value is the same before and after calling `init_weights` of ViP3D  

predictor.decoder.decoder.mlp.layer_norm.bias - torch.Size([128]): 
The value is the same before and after calling `init_weights` of ViP3D  

predictor.decoder.decoder.fc.weight - torch.Size([2, 128]): 
The value is the same before and after calling `init_weights` of ViP3D  

predictor.decoder.decoder.fc.bias - torch.Size([2]): 
The value is the same before and after calling `init_weights` of ViP3D  

predictor.decoder.variety_loss_decoder.mlp.linear.weight - torch.Size([128, 128]): 
The value is the same before and after calling `init_weights` of ViP3D  

predictor.decoder.variety_loss_decoder.mlp.linear.bias - torch.Size([128]): 
The value is the same before and after calling `init_weights` of ViP3D  

predictor.decoder.variety_loss_decoder.mlp.layer_norm.weight - torch.Size([128]): 
The value is the same before and after calling `init_weights` of ViP3D  

predictor.decoder.variety_loss_decoder.mlp.layer_norm.bias - torch.Size([128]): 
The value is the same before and after calling `init_weights` of ViP3D  

predictor.decoder.variety_loss_decoder.fc.weight - torch.Size([150, 256]): 
The value is the same before and after calling `init_weights` of ViP3D  

predictor.decoder.variety_loss_decoder.fc.bias - torch.Size([150]): 
The value is the same before and after calling `init_weights` of ViP3D  

empty_linear.weight - torch.Size([256, 256]): 
The value is the same before and after calling `init_weights` of ViP3D  

empty_linear.bias - torch.Size([256]): 
The value is the same before and after calling `init_weights` of ViP3D  
2026-03-28 10:24:44,245 - mmdet - INFO - Model:
ViP3D(
  (pts_bbox_head): DeformableDETR3DCamHeadTrackPlusRaw(
    (activate): ReLU(inplace=True)
    (positional_encoding): SinePositionalEncoding(num_feats=128, temperature=10000, normalize=True, scale=6.283185307179586, eps=1e-06)
    (transformer): Detr3DCamTrackTransformer(
      (decoder): Detr3DCamTrackPlusTransformerDecoder(
        (layers): ModuleList(
          (0): DetrTransformerDecoderLayer(
            (attentions): ModuleList(
              (0): MultiheadAttention(
                (attn): MultiheadAttention(
                  (out_proj): NonDynamicallyQuantizableLinear(in_features=256, out_features=256, bias=True)
                )
                (proj_drop): Dropout(p=0.0, inplace=False)
                (dropout_layer): Dropout(p=0.1, inplace=False)
              )
              (1): Detr3DCrossAtten(
                (dropout): Dropout(p=0.1, inplace=False)
                (attention_weights): Linear(in_features=256, out_features=24, bias=True)
                (output_proj): Linear(in_features=256, out_features=256, bias=True)
                (position_encoder): Sequential(
                  (0): Linear(in_features=3, out_features=256, bias=True)
                  (1): LayerNorm((256,), eps=1e-05, elementwise_affine=True)
                  (2): ReLU(inplace=True)
                  (3): Linear(in_features=256, out_features=256, bias=True)
                  (4): LayerNorm((256,), eps=1e-05, elementwise_affine=True)
                  (5): ReLU(inplace=True)
                )
              )
            )
            (ffns): ModuleList(
              (0): FFN(
                (activate): ReLU(inplace=True)
                (layers): Sequential(
                  (0): Sequential(
                    (0): Linear(in_features=256, out_features=512, bias=True)
                    (1): ReLU(inplace=True)
                    (2): Dropout(p=0.1, inplace=False)
                  )
                  (1): Linear(in_features=512, out_features=256, bias=True)
                  (2): Dropout(p=0.1, inplace=False)
                )
                (dropout_layer): Identity()
              )
            )
            (norms): ModuleList(
              (0): LayerNorm((256,), eps=1e-05, elementwise_affine=True)
              (1): LayerNorm((256,), eps=1e-05, elementwise_affine=True)
              (2): LayerNorm((256,), eps=1e-05, elementwise_affine=True)
            )
          )
          (1): DetrTransformerDecoderLayer(
            (attentions): ModuleList(
              (0): MultiheadAttention(
                (attn): MultiheadAttention(
                  (out_proj): NonDynamicallyQuantizableLinear(in_features=256, out_features=256, bias=True)
                )
                (proj_drop): Dropout(p=0.0, inplace=False)
                (dropout_layer): Dropout(p=0.1, inplace=False)
              )
              (1): Detr3DCrossAtten(
                (dropout): Dropout(p=0.1, inplace=False)
                (attention_weights): Linear(in_features=256, out_features=24, bias=True)
                (output_proj): Linear(in_features=256, out_features=256, bias=True)
                (position_encoder): Sequential(
                  (0): Linear(in_features=3, out_features=256, bias=True)
                  (1): LayerNorm((256,), eps=1e-05, elementwise_affine=True)
                  (2): ReLU(inplace=True)
                  (3): Linear(in_features=256, out_features=256, bias=True)
                  (4): LayerNorm((256,), eps=1e-05, elementwise_affine=True)
                  (5): ReLU(inplace=True)
                )
              )
            )
            (ffns): ModuleList(
              (0): FFN(
                (activate): ReLU(inplace=True)
                (layers): Sequential(
                  (0): Sequential(
                    (0): Linear(in_features=256, out_features=512, bias=True)
                    (1): ReLU(inplace=True)
                    (2): Dropout(p=0.1, inplace=False)
                  )
                  (1): Linear(in_features=512, out_features=256, bias=True)
                  (2): Dropout(p=0.1, inplace=False)
                )
                (dropout_layer): Identity()
              )
            )
            (norms): ModuleList(
              (0): LayerNorm((256,), eps=1e-05, elementwise_affine=True)
              (1): LayerNorm((256,), eps=1e-05, elementwise_affine=True)
              (2): LayerNorm((256,), eps=1e-05, elementwise_affine=True)
            )
          )
          (2): DetrTransformerDecoderLayer(
            (attentions): ModuleList(
              (0): MultiheadAttention(
                (attn): MultiheadAttention(
                  (out_proj): NonDynamicallyQuantizableLinear(in_features=256, out_features=256, bias=True)
                )
                (proj_drop): Dropout(p=0.0, inplace=False)
                (dropout_layer): Dropout(p=0.1, inplace=False)
              )
              (1): Detr3DCrossAtten(
                (dropout): Dropout(p=0.1, inplace=False)
                (attention_weights): Linear(in_features=256, out_features=24, bias=True)
                (output_proj): Linear(in_features=256, out_features=256, bias=True)
                (position_encoder): Sequential(
                  (0): Linear(in_features=3, out_features=256, bias=True)
                  (1): LayerNorm((256,), eps=1e-05, elementwise_affine=True)
                  (2): ReLU(inplace=True)
                  (3): Linear(in_features=256, out_features=256, bias=True)
                  (4): LayerNorm((256,), eps=1e-05, elementwise_affine=True)
                  (5): ReLU(inplace=True)
                )
              )
            )
            (ffns): ModuleList(
              (0): FFN(
                (activate): ReLU(inplace=True)
                (layers): Sequential(
                  (0): Sequential(
                    (0): Linear(in_features=256, out_features=512, bias=True)
                    (1): ReLU(inplace=True)
                    (2): Dropout(p=0.1, inplace=False)
                  )
                  (1): Linear(in_features=512, out_features=256, bias=True)
                  (2): Dropout(p=0.1, inplace=False)
                )
                (dropout_layer): Identity()
              )
            )
            (norms): ModuleList(
              (0): LayerNorm((256,), eps=1e-05, elementwise_affine=True)
              (1): LayerNorm((256,), eps=1e-05, elementwise_affine=True)
              (2): LayerNorm((256,), eps=1e-05, elementwise_affine=True)
            )
          )
          (3): DetrTransformerDecoderLayer(
            (attentions): ModuleList(
              (0): MultiheadAttention(
                (attn): MultiheadAttention(
                  (out_proj): NonDynamicallyQuantizableLinear(in_features=256, out_features=256, bias=True)
                )
                (proj_drop): Dropout(p=0.0, inplace=False)
                (dropout_layer): Dropout(p=0.1, inplace=False)
              )
              (1): Detr3DCrossAtten(
                (dropout): Dropout(p=0.1, inplace=False)
                (attention_weights): Linear(in_features=256, out_features=24, bias=True)
                (output_proj): Linear(in_features=256, out_features=256, bias=True)
                (position_encoder): Sequential(
                  (0): Linear(in_features=3, out_features=256, bias=True)
                  (1): LayerNorm((256,), eps=1e-05, elementwise_affine=True)
                  (2): ReLU(inplace=True)
                  (3): Linear(in_features=256, out_features=256, bias=True)
                  (4): LayerNorm((256,), eps=1e-05, elementwise_affine=True)
                  (5): ReLU(inplace=True)
                )
              )
            )
            (ffns): ModuleList(
              (0): FFN(
                (activate): ReLU(inplace=True)
                (layers): Sequential(
                  (0): Sequential(
                    (0): Linear(in_features=256, out_features=512, bias=True)
                    (1): ReLU(inplace=True)
                    (2): Dropout(p=0.1, inplace=False)
                  )
                  (1): Linear(in_features=512, out_features=256, bias=True)
                  (2): Dropout(p=0.1, inplace=False)
                )
                (dropout_layer): Identity()
              )
            )
            (norms): ModuleList(
              (0): LayerNorm((256,), eps=1e-05, elementwise_affine=True)
              (1): LayerNorm((256,), eps=1e-05, elementwise_affine=True)
              (2): LayerNorm((256,), eps=1e-05, elementwise_affine=True)
            )
          )
          (4): DetrTransformerDecoderLayer(
            (attentions): ModuleList(
              (0): MultiheadAttention(
                (attn): MultiheadAttention(
                  (out_proj): NonDynamicallyQuantizableLinear(in_features=256, out_features=256, bias=True)
                )
                (proj_drop): Dropout(p=0.0, inplace=False)
                (dropout_layer): Dropout(p=0.1, inplace=False)
              )
              (1): Detr3DCrossAtten(
                (dropout): Dropout(p=0.1, inplace=False)
                (attention_weights): Linear(in_features=256, out_features=24, bias=True)
                (output_proj): Linear(in_features=256, out_features=256, bias=True)
                (position_encoder): Sequential(
                  (0): Linear(in_features=3, out_features=256, bias=True)
                  (1): LayerNorm((256,), eps=1e-05, elementwise_affine=True)
                  (2): ReLU(inplace=True)
                  (3): Linear(in_features=256, out_features=256, bias=True)
                  (4): LayerNorm((256,), eps=1e-05, elementwise_affine=True)
                  (5): ReLU(inplace=True)
                )
              )
            )
            (ffns): ModuleList(
              (0): FFN(
                (activate): ReLU(inplace=True)
                (layers): Sequential(
                  (0): Sequential(
                    (0): Linear(in_features=256, out_features=512, bias=True)
                    (1): ReLU(inplace=True)
                    (2): Dropout(p=0.1, inplace=False)
                  )
                  (1): Linear(in_features=512, out_features=256, bias=True)
                  (2): Dropout(p=0.1, inplace=False)
                )
                (dropout_layer): Identity()
              )
            )
            (norms): ModuleList(
              (0): LayerNorm((256,), eps=1e-05, elementwise_affine=True)
              (1): LayerNorm((256,), eps=1e-05, elementwise_affine=True)
              (2): LayerNorm((256,), eps=1e-05, elementwise_affine=True)
            )
          )
          (5): DetrTransformerDecoderLayer(
            (attentions): ModuleList(
              (0): MultiheadAttention(
                (attn): MultiheadAttention(
                  (out_proj): NonDynamicallyQuantizableLinear(in_features=256, out_features=256, bias=True)
                )
                (proj_drop): Dropout(p=0.0, inplace=False)
                (dropout_layer): Dropout(p=0.1, inplace=False)
              )
              (1): Detr3DCrossAtten(
                (dropout): Dropout(p=0.1, inplace=False)
                (attention_weights): Linear(in_features=256, out_features=24, bias=True)
                (output_proj): Linear(in_features=256, out_features=256, bias=True)
                (position_encoder): Sequential(
                  (0): Linear(in_features=3, out_features=256, bias=True)
                  (1): LayerNorm((256,), eps=1e-05, elementwise_affine=True)
                  (2): ReLU(inplace=True)
                  (3): Linear(in_features=256, out_features=256, bias=True)
                  (4): LayerNorm((256,), eps=1e-05, elementwise_affine=True)
                  (5): ReLU(inplace=True)
                )
              )
            )
            (ffns): ModuleList(
              (0): FFN(
                (activate): ReLU(inplace=True)
                (layers): Sequential(
                  (0): Sequential(
                    (0): Linear(in_features=256, out_features=512, bias=True)
                    (1): ReLU(inplace=True)
                    (2): Dropout(p=0.1, inplace=False)
                  )
                  (1): Linear(in_features=512, out_features=256, bias=True)
                  (2): Dropout(p=0.1, inplace=False)
                )
                (dropout_layer): Identity()
              )
            )
            (norms): ModuleList(
              (0): LayerNorm((256,), eps=1e-05, elementwise_affine=True)
              (1): LayerNorm((256,), eps=1e-05, elementwise_affine=True)
              (2): LayerNorm((256,), eps=1e-05, elementwise_affine=True)
            )
          )
        )
      )
    )
    (cls_branches): ModuleList(
      (0): Sequential(
        (0): Linear(in_features=256, out_features=256, bias=True)
        (1): LayerNorm((256,), eps=1e-05, elementwise_affine=True)
        (2): ReLU(inplace=True)
        (3): Linear(in_features=256, out_features=256, bias=True)
        (4): LayerNorm((256,), eps=1e-05, elementwise_affine=True)
        (5): ReLU(inplace=True)
        (6): Linear(in_features=256, out_features=7, bias=True)
      )
      (1): Sequential(
        (0): Linear(in_features=256, out_features=256, bias=True)
        (1): LayerNorm((256,), eps=1e-05, elementwise_affine=True)
        (2): ReLU(inplace=True)
        (3): Linear(in_features=256, out_features=256, bias=True)
        (4): LayerNorm((256,), eps=1e-05, elementwise_affine=True)
        (5): ReLU(inplace=True)
        (6): Linear(in_features=256, out_features=7, bias=True)
      )
      (2): Sequential(
        (0): Linear(in_features=256, out_features=256, bias=True)
        (1): LayerNorm((256,), eps=1e-05, elementwise_affine=True)
        (2): ReLU(inplace=True)
        (3): Linear(in_features=256, out_features=256, bias=True)
        (4): LayerNorm((256,), eps=1e-05, elementwise_affine=True)
        (5): ReLU(inplace=True)
        (6): Linear(in_features=256, out_features=7, bias=True)
      )
      (3): Sequential(
        (0): Linear(in_features=256, out_features=256, bias=True)
        (1): LayerNorm((256,), eps=1e-05, elementwise_affine=True)
        (2): ReLU(inplace=True)
        (3): Linear(in_features=256, out_features=256, bias=True)
        (4): LayerNorm((256,), eps=1e-05, elementwise_affine=True)
        (5): ReLU(inplace=True)
        (6): Linear(in_features=256, out_features=7, bias=True)
      )
      (4): Sequential(
        (0): Linear(in_features=256, out_features=256, bias=True)
        (1): LayerNorm((256,), eps=1e-05, elementwise_affine=True)
        (2): ReLU(inplace=True)
        (3): Linear(in_features=256, out_features=256, bias=True)
        (4): LayerNorm((256,), eps=1e-05, elementwise_affine=True)
        (5): ReLU(inplace=True)
        (6): Linear(in_features=256, out_features=7, bias=True)
      )
      (5): Sequential(
        (0): Linear(in_features=256, out_features=256, bias=True)
        (1): LayerNorm((256,), eps=1e-05, elementwise_affine=True)
        (2): ReLU(inplace=True)
        (3): Linear(in_features=256, out_features=256, bias=True)
        (4): LayerNorm((256,), eps=1e-05, elementwise_affine=True)
        (5): ReLU(inplace=True)
        (6): Linear(in_features=256, out_features=7, bias=True)
      )
    )
    (reg_branches): ModuleList(
      (0): Sequential(
        (0): Linear(in_features=256, out_features=256, bias=True)
        (1): ReLU()
        (2): Linear(in_features=256, out_features=256, bias=True)
        (3): ReLU()
        (4): Linear(in_features=256, out_features=6, bias=True)
      )
      (1): Sequential(
        (0): Linear(in_features=256, out_features=256, bias=True)
        (1): ReLU()
        (2): Linear(in_features=256, out_features=256, bias=True)
        (3): ReLU()
        (4): Linear(in_features=256, out_features=6, bias=True)
      )
      (2): Sequential(
        (0): Linear(in_features=256, out_features=256, bias=True)
        (1): ReLU()
        (2): Linear(in_features=256, out_features=256, bias=True)
        (3): ReLU()
        (4): Linear(in_features=256, out_features=6, bias=True)
      )
      (3): Sequential(
        (0): Linear(in_features=256, out_features=256, bias=True)
        (1): ReLU()
        (2): Linear(in_features=256, out_features=256, bias=True)
        (3): ReLU()
        (4): Linear(in_features=256, out_features=6, bias=True)
      )
      (4): Sequential(
        (0): Linear(in_features=256, out_features=256, bias=True)
        (1): ReLU()
        (2): Linear(in_features=256, out_features=256, bias=True)
        (3): ReLU()
        (4): Linear(in_features=256, out_features=6, bias=True)
      )
      (5): Sequential(
        (0): Linear(in_features=256, out_features=256, bias=True)
        (1): ReLU()
        (2): Linear(in_features=256, out_features=256, bias=True)
        (3): ReLU()
        (4): Linear(in_features=256, out_features=6, bias=True)
      )
    )
    (direction_branches): ModuleList(
      (0): Sequential(
        (0): Linear(in_features=256, out_features=256, bias=True)
        (1): ReLU()
        (2): Linear(in_features=256, out_features=256, bias=True)
        (3): ReLU()
        (4): Linear(in_features=256, out_features=2, bias=True)
      )
      (1): Sequential(
        (0): Linear(in_features=256, out_features=256, bias=True)
        (1): ReLU()
        (2): Linear(in_features=256, out_features=256, bias=True)
        (3): ReLU()
        (4): Linear(in_features=256, out_features=2, bias=True)
      )
      (2): Sequential(
        (0): Linear(in_features=256, out_features=256, bias=True)
        (1): ReLU()
        (2): Linear(in_features=256, out_features=256, bias=True)
        (3): ReLU()
        (4): Linear(in_features=256, out_features=2, bias=True)
      )
      (3): Sequential(
        (0): Linear(in_features=256, out_features=256, bias=True)
        (1): ReLU()
        (2): Linear(in_features=256, out_features=256, bias=True)
        (3): ReLU()
        (4): Linear(in_features=256, out_features=2, bias=True)
      )
      (4): Sequential(
        (0): Linear(in_features=256, out_features=256, bias=True)
        (1): ReLU()
        (2): Linear(in_features=256, out_features=256, bias=True)
        (3): ReLU()
        (4): Linear(in_features=256, out_features=2, bias=True)
      )
      (5): Sequential(
        (0): Linear(in_features=256, out_features=256, bias=True)
        (1): ReLU()
        (2): Linear(in_features=256, out_features=256, bias=True)
        (3): ReLU()
        (4): Linear(in_features=256, out_features=2, bias=True)
      )
    )
    (velo_branches): ModuleList(
      (0): Sequential(
        (0): Linear(in_features=256, out_features=256, bias=True)
        (1): ReLU()
        (2): Linear(in_features=256, out_features=256, bias=True)
        (3): ReLU()
        (4): Linear(in_features=256, out_features=2, bias=True)
      )
      (1): Sequential(
        (0): Linear(in_features=256, out_features=256, bias=True)
        (1): ReLU()
        (2): Linear(in_features=256, out_features=256, bias=True)
        (3): ReLU()
        (4): Linear(in_features=256, out_features=2, bias=True)
      )
      (2): Sequential(
        (0): Linear(in_features=256, out_features=256, bias=True)
        (1): ReLU()
        (2): Linear(in_features=256, out_features=256, bias=True)
        (3): ReLU()
        (4): Linear(in_features=256, out_features=2, bias=True)
      )
      (3): Sequential(
        (0): Linear(in_features=256, out_features=256, bias=True)
        (1): ReLU()
        (2): Linear(in_features=256, out_features=256, bias=True)
        (3): ReLU()
        (4): Linear(in_features=256, out_features=2, bias=True)
      )
      (4): Sequential(
        (0): Linear(in_features=256, out_features=256, bias=True)
        (1): ReLU()
        (2): Linear(in_features=256, out_features=256, bias=True)
        (3): ReLU()
        (4): Linear(in_features=256, out_features=2, bias=True)
      )
      (5): Sequential(
        (0): Linear(in_features=256, out_features=256, bias=True)
        (1): ReLU()
        (2): Linear(in_features=256, out_features=256, bias=True)
        (3): ReLU()
        (4): Linear(in_features=256, out_features=2, bias=True)
      )
    )
  )
  (img_backbone): ResNet(
    (conv1): Conv2d(3, 64, kernel_size=(7, 7), stride=(2, 2), padding=(3, 3), bias=False)
    (bn1): BatchNorm2d(64, eps=1e-05, momentum=0.1, affine=True, track_running_stats=True)
    (relu): ReLU(inplace=True)
    (maxpool): MaxPool2d(kernel_size=3, stride=2, padding=1, dilation=1, ceil_mode=False)
    (layer1): ResLayer(
      (0): Bottleneck(
        (conv1): Conv2d(64, 64, kernel_size=(1, 1), stride=(1, 1), bias=False)
        (bn1): BatchNorm2d(64, eps=1e-05, momentum=0.1, affine=True, track_running_stats=True)
        (conv2): Conv2d(64, 64, kernel_size=(3, 3), stride=(1, 1), padding=(1, 1), bias=False)
        (bn2): BatchNorm2d(64, eps=1e-05, momentum=0.1, affine=True, track_running_stats=True)
        (conv3): Conv2d(64, 256, kernel_size=(1, 1), stride=(1, 1), bias=False)
        (bn3): BatchNorm2d(256, eps=1e-05, momentum=0.1, affine=True, track_running_stats=True)
        (relu): ReLU(inplace=True)
        (downsample): Sequential(
          (0): Conv2d(64, 256, kernel_size=(1, 1), stride=(1, 1), bias=False)
          (1): BatchNorm2d(256, eps=1e-05, momentum=0.1, affine=True, track_running_stats=True)
        )
      )
      init_cfg={'type': 'Constant', 'val': 0, 'override': {'name': 'norm3'}}
      (1): Bottleneck(
        (conv1): Conv2d(256, 64, kernel_size=(1, 1), stride=(1, 1), bias=False)
        (bn1): BatchNorm2d(64, eps=1e-05, momentum=0.1, affine=True, track_running_stats=True)
        (conv2): Conv2d(64, 64, kernel_size=(3, 3), stride=(1, 1), padding=(1, 1), bias=False)
        (bn2): BatchNorm2d(64, eps=1e-05, momentum=0.1, affine=True, track_running_stats=True)
        (conv3): Conv2d(64, 256, kernel_size=(1, 1), stride=(1, 1), bias=False)
        (bn3): BatchNorm2d(256, eps=1e-05, momentum=0.1, affine=True, track_running_stats=True)
        (relu): ReLU(inplace=True)
      )
      init_cfg={'type': 'Constant', 'val': 0, 'override': {'name': 'norm3'}}
      (2): Bottleneck(
        (conv1): Conv2d(256, 64, kernel_size=(1, 1), stride=(1, 1), bias=False)
        (bn1): BatchNorm2d(64, eps=1e-05, momentum=0.1, affine=True, track_running_stats=True)
        (conv2): Conv2d(64, 64, kernel_size=(3, 3), stride=(1, 1), padding=(1, 1), bias=False)
        (bn2): BatchNorm2d(64, eps=1e-05, momentum=0.1, affine=True, track_running_stats=True)
        (conv3): Conv2d(64, 256, kernel_size=(1, 1), stride=(1, 1), bias=False)
        (bn3): BatchNorm2d(256, eps=1e-05, momentum=0.1, affine=True, track_running_stats=True)
        (relu): ReLU(inplace=True)
      )
      init_cfg={'type': 'Constant', 'val': 0, 'override': {'name': 'norm3'}}
    )
    (layer2): ResLayer(
      (0): Bottleneck(
        (conv1): Conv2d(256, 128, kernel_size=(1, 1), stride=(2, 2), bias=False)
        (bn1): BatchNorm2d(128, eps=1e-05, momentum=0.1, affine=True, track_running_stats=True)
        (conv2): Conv2d(128, 128, kernel_size=(3, 3), stride=(1, 1), padding=(1, 1), bias=False)
        (bn2): BatchNorm2d(128, eps=1e-05, momentum=0.1, affine=True, track_running_stats=True)
        (conv3): Conv2d(128, 512, kernel_size=(1, 1), stride=(1, 1), bias=False)
        (bn3): BatchNorm2d(512, eps=1e-05, momentum=0.1, affine=True, track_running_stats=True)
        (relu): ReLU(inplace=True)
        (downsample): Sequential(
          (0): Conv2d(256, 512, kernel_size=(1, 1), stride=(2, 2), bias=False)
          (1): BatchNorm2d(512, eps=1e-05, momentum=0.1, affine=True, track_running_stats=True)
        )
      )
      init_cfg={'type': 'Constant', 'val': 0, 'override': {'name': 'norm3'}}
      (1): Bottleneck(
        (conv1): Conv2d(512, 128, kernel_size=(1, 1), stride=(1, 1), bias=False)
        (bn1): BatchNorm2d(128, eps=1e-05, momentum=0.1, affine=True, track_running_stats=True)
        (conv2): Conv2d(128, 128, kernel_size=(3, 3), stride=(1, 1), padding=(1, 1), bias=False)
        (bn2): BatchNorm2d(128, eps=1e-05, momentum=0.1, affine=True, track_running_stats=True)
        (conv3): Conv2d(128, 512, kernel_size=(1, 1), stride=(1, 1), bias=False)
        (bn3): BatchNorm2d(512, eps=1e-05, momentum=0.1, affine=True, track_running_stats=True)
        (relu): ReLU(inplace=True)
      )
      init_cfg={'type': 'Constant', 'val': 0, 'override': {'name': 'norm3'}}
      (2): Bottleneck(
        (conv1): Conv2d(512, 128, kernel_size=(1, 1), stride=(1, 1), bias=False)
        (bn1): BatchNorm2d(128, eps=1e-05, momentum=0.1, affine=True, track_running_stats=True)
        (conv2): Conv2d(128, 128, kernel_size=(3, 3), stride=(1, 1), padding=(1, 1), bias=False)
        (bn2): BatchNorm2d(128, eps=1e-05, momentum=0.1, affine=True, track_running_stats=True)
        (conv3): Conv2d(128, 512, kernel_size=(1, 1), stride=(1, 1), bias=False)
        (bn3): BatchNorm2d(512, eps=1e-05, momentum=0.1, affine=True, track_running_stats=True)
        (relu): ReLU(inplace=True)
      )
      init_cfg={'type': 'Constant', 'val': 0, 'override': {'name': 'norm3'}}
      (3): Bottleneck(
        (conv1): Conv2d(512, 128, kernel_size=(1, 1), stride=(1, 1), bias=False)
        (bn1): BatchNorm2d(128, eps=1e-05, momentum=0.1, affine=True, track_running_stats=True)
        (conv2): Conv2d(128, 128, kernel_size=(3, 3), stride=(1, 1), padding=(1, 1), bias=False)
        (bn2): BatchNorm2d(128, eps=1e-05, momentum=0.1, affine=True, track_running_stats=True)
        (conv3): Conv2d(128, 512, kernel_size=(1, 1), stride=(1, 1), bias=False)
        (bn3): BatchNorm2d(512, eps=1e-05, momentum=0.1, affine=True, track_running_stats=True)
        (relu): ReLU(inplace=True)
      )
      init_cfg={'type': 'Constant', 'val': 0, 'override': {'name': 'norm3'}}
    )
    (layer3): ResLayer(
      (0): Bottleneck(
        (conv1): Conv2d(512, 256, kernel_size=(1, 1), stride=(2, 2), bias=False)
        (bn1): BatchNorm2d(256, eps=1e-05, momentum=0.1, affine=True, track_running_stats=True)
        (conv2): ModulatedDeformConv2dPack(
          (conv_offset): Conv2d(256, 27, kernel_size=(3, 3), stride=(1, 1), padding=(1, 1))
        )
        (bn2): BatchNorm2d(256, eps=1e-05, momentum=0.1, affine=True, track_running_stats=True)
        (conv3): Conv2d(256, 1024, kernel_size=(1, 1), stride=(1, 1), bias=False)
        (bn3): BatchNorm2d(1024, eps=1e-05, momentum=0.1, affine=True, track_running_stats=True)
        (relu): ReLU(inplace=True)
        (downsample): Sequential(
          (0): Conv2d(512, 1024, kernel_size=(1, 1), stride=(2, 2), bias=False)
          (1): BatchNorm2d(1024, eps=1e-05, momentum=0.1, affine=True, track_running_stats=True)
        )
      )
      init_cfg={'type': 'Constant', 'val': 0, 'override': {'name': 'norm3'}}
      (1): Bottleneck(
        (conv1): Conv2d(1024, 256, kernel_size=(1, 1), stride=(1, 1), bias=False)
        (bn1): BatchNorm2d(256, eps=1e-05, momentum=0.1, affine=True, track_running_stats=True)
        (conv2): ModulatedDeformConv2dPack(
          (conv_offset): Conv2d(256, 27, kernel_size=(3, 3), stride=(1, 1), padding=(1, 1))
        )
        (bn2): BatchNorm2d(256, eps=1e-05, momentum=0.1, affine=True, track_running_stats=True)
        (conv3): Conv2d(256, 1024, kernel_size=(1, 1), stride=(1, 1), bias=False)
        (bn3): BatchNorm2d(1024, eps=1e-05, momentum=0.1, affine=True, track_running_stats=True)
        (relu): ReLU(inplace=True)
      )
      init_cfg={'type': 'Constant', 'val': 0, 'override': {'name': 'norm3'}}
      (2): Bottleneck(
        (conv1): Conv2d(1024, 256, kernel_size=(1, 1), stride=(1, 1), bias=False)
        (bn1): BatchNorm2d(256, eps=1e-05, momentum=0.1, affine=True, track_running_stats=True)
        (conv2): ModulatedDeformConv2dPack(
          (conv_offset): Conv2d(256, 27, kernel_size=(3, 3), stride=(1, 1), padding=(1, 1))
        )
        (bn2): BatchNorm2d(256, eps=1e-05, momentum=0.1, affine=True, track_running_stats=True)
        (conv3): Conv2d(256, 1024, kernel_size=(1, 1), stride=(1, 1), bias=False)
        (bn3): BatchNorm2d(1024, eps=1e-05, momentum=0.1, affine=True, track_running_stats=True)
        (relu): ReLU(inplace=True)
      )
      init_cfg={'type': 'Constant', 'val': 0, 'override': {'name': 'norm3'}}
      (3): Bottleneck(
        (conv1): Conv2d(1024, 256, kernel_size=(1, 1), stride=(1, 1), bias=False)
        (bn1): BatchNorm2d(256, eps=1e-05, momentum=0.1, affine=True, track_running_stats=True)
        (conv2): ModulatedDeformConv2dPack(
          (conv_offset): Conv2d(256, 27, kernel_size=(3, 3), stride=(1, 1), padding=(1, 1))
        )
        (bn2): BatchNorm2d(256, eps=1e-05, momentum=0.1, affine=True, track_running_stats=True)
        (conv3): Conv2d(256, 1024, kernel_size=(1, 1), stride=(1, 1), bias=False)
        (bn3): BatchNorm2d(1024, eps=1e-05, momentum=0.1, affine=True, track_running_stats=True)
        (relu): ReLU(inplace=True)
      )
      init_cfg={'type': 'Constant', 'val': 0, 'override': {'name': 'norm3'}}
      (4): Bottleneck(
        (conv1): Conv2d(1024, 256, kernel_size=(1, 1), stride=(1, 1), bias=False)
        (bn1): BatchNorm2d(256, eps=1e-05, momentum=0.1, affine=True, track_running_stats=True)
        (conv2): ModulatedDeformConv2dPack(
          (conv_offset): Conv2d(256, 27, kernel_size=(3, 3), stride=(1, 1), padding=(1, 1))
        )
        (bn2): BatchNorm2d(256, eps=1e-05, momentum=0.1, affine=True, track_running_stats=True)
        (conv3): Conv2d(256, 1024, kernel_size=(1, 1), stride=(1, 1), bias=False)
        (bn3): BatchNorm2d(1024, eps=1e-05, momentum=0.1, affine=True, track_running_stats=True)
        (relu): ReLU(inplace=True)
      )
      init_cfg={'type': 'Constant', 'val': 0, 'override': {'name': 'norm3'}}
      (5): Bottleneck(
        (conv1): Conv2d(1024, 256, kernel_size=(1, 1), stride=(1, 1), bias=False)
        (bn1): BatchNorm2d(256, eps=1e-05, momentum=0.1, affine=True, track_running_stats=True)
        (conv2): ModulatedDeformConv2dPack(
          (conv_offset): Conv2d(256, 27, kernel_size=(3, 3), stride=(1, 1), padding=(1, 1))
        )
        (bn2): BatchNorm2d(256, eps=1e-05, momentum=0.1, affine=True, track_running_stats=True)
        (conv3): Conv2d(256, 1024, kernel_size=(1, 1), stride=(1, 1), bias=False)
        (bn3): BatchNorm2d(1024, eps=1e-05, momentum=0.1, affine=True, track_running_stats=True)
        (relu): ReLU(inplace=True)
      )
      init_cfg={'type': 'Constant', 'val': 0, 'override': {'name': 'norm3'}}
    )
    (layer4): ResLayer(
      (0): Bottleneck(
        (conv1): Conv2d(1024, 512, kernel_size=(1, 1), stride=(2, 2), bias=False)
        (bn1): BatchNorm2d(512, eps=1e-05, momentum=0.1, affine=True, track_running_stats=True)
        (conv2): ModulatedDeformConv2dPack(
          (conv_offset): Conv2d(512, 27, kernel_size=(3, 3), stride=(1, 1), padding=(1, 1))
        )
        (bn2): BatchNorm2d(512, eps=1e-05, momentum=0.1, affine=True, track_running_stats=True)
        (conv3): Conv2d(512, 2048, kernel_size=(1, 1), stride=(1, 1), bias=False)
        (bn3): BatchNorm2d(2048, eps=1e-05, momentum=0.1, affine=True, track_running_stats=True)
        (relu): ReLU(inplace=True)
        (downsample): Sequential(
          (0): Conv2d(1024, 2048, kernel_size=(1, 1), stride=(2, 2), bias=False)
          (1): BatchNorm2d(2048, eps=1e-05, momentum=0.1, affine=True, track_running_stats=True)
        )
      )
      init_cfg={'type': 'Constant', 'val': 0, 'override': {'name': 'norm3'}}
      (1): Bottleneck(
        (conv1): Conv2d(2048, 512, kernel_size=(1, 1), stride=(1, 1), bias=False)
        (bn1): BatchNorm2d(512, eps=1e-05, momentum=0.1, affine=True, track_running_stats=True)
        (conv2): ModulatedDeformConv2dPack(
          (conv_offset): Conv2d(512, 27, kernel_size=(3, 3), stride=(1, 1), padding=(1, 1))
        )
        (bn2): BatchNorm2d(512, eps=1e-05, momentum=0.1, affine=True, track_running_stats=True)
        (conv3): Conv2d(512, 2048, kernel_size=(1, 1), stride=(1, 1), bias=False)
        (bn3): BatchNorm2d(2048, eps=1e-05, momentum=0.1, affine=True, track_running_stats=True)
        (relu): ReLU(inplace=True)
      )
      init_cfg={'type': 'Constant', 'val': 0, 'override': {'name': 'norm3'}}
      (2): Bottleneck(
        (conv1): Conv2d(2048, 512, kernel_size=(1, 1), stride=(1, 1), bias=False)
        (bn1): BatchNorm2d(512, eps=1e-05, momentum=0.1, affine=True, track_running_stats=True)
        (conv2): ModulatedDeformConv2dPack(
          (conv_offset): Conv2d(512, 27, kernel_size=(3, 3), stride=(1, 1), padding=(1, 1))
        )
        (bn2): BatchNorm2d(512, eps=1e-05, momentum=0.1, affine=True, track_running_stats=True)
        (conv3): Conv2d(512, 2048, kernel_size=(1, 1), stride=(1, 1), bias=False)
        (bn3): BatchNorm2d(2048, eps=1e-05, momentum=0.1, affine=True, track_running_stats=True)
        (relu): ReLU(inplace=True)
      )
      init_cfg={'type': 'Constant', 'val': 0, 'override': {'name': 'norm3'}}
    )
  )
  init_cfg=[{'type': 'Kaiming', 'layer': 'Conv2d'}, {'type': 'Constant', 'val': 1, 'layer': ['_BatchNorm', 'GroupNorm']}]
  (img_neck): FPN(
    (lateral_convs): ModuleList(
      (0): ConvModule(
        (conv): Conv2d(512, 256, kernel_size=(1, 1), stride=(1, 1), bias=False)
        (bn): BatchNorm2d(256, eps=1e-05, momentum=0.1, affine=True, track_running_stats=True)
      )
      (1): ConvModule(
        (conv): Conv2d(1024, 256, kernel_size=(1, 1), stride=(1, 1), bias=False)
        (bn): BatchNorm2d(256, eps=1e-05, momentum=0.1, affine=True, track_running_stats=True)
      )
      (2): ConvModule(
        (conv): Conv2d(2048, 256, kernel_size=(1, 1), stride=(1, 1), bias=False)
        (bn): BatchNorm2d(256, eps=1e-05, momentum=0.1, affine=True, track_running_stats=True)
      )
    )
    (fpn_convs): ModuleList(
      (0): ConvModule(
        (conv): Conv2d(256, 256, kernel_size=(3, 3), stride=(1, 1), padding=(1, 1), bias=False)
        (bn): BatchNorm2d(256, eps=1e-05, momentum=0.1, affine=True, track_running_stats=True)
      )
      (1): ConvModule(
        (conv): Conv2d(256, 256, kernel_size=(3, 3), stride=(1, 1), padding=(1, 1), bias=False)
        (bn): BatchNorm2d(256, eps=1e-05, momentum=0.1, affine=True, track_running_stats=True)
      )
      (2): ConvModule(
        (conv): Conv2d(256, 256, kernel_size=(3, 3), stride=(1, 1), padding=(1, 1), bias=False)
        (bn): BatchNorm2d(256, eps=1e-05, momentum=0.1, affine=True, track_running_stats=True)
      )
      (3): ConvModule(
        (conv): Conv2d(2048, 256, kernel_size=(3, 3), stride=(2, 2), padding=(1, 1), bias=False)
        (bn): BatchNorm2d(256, eps=1e-05, momentum=0.1, affine=True, track_running_stats=True)
      )
    )
  )
  init_cfg={'type': 'Xavier', 'layer': 'Conv2d', 'distribution': 'uniform'}
  (grid_mask): GridMask()
  (bbox_size_fc): Linear(in_features=256, out_features=3, bias=True)
  (query_embedding): Embedding(300, 512)
  (reference_points): Linear(in_features=256, out_features=3, bias=True)
  (query_interact): QueryInteractionModule(
    (self_attn): MultiheadAttention(
      (out_proj): NonDynamicallyQuantizableLinear(in_features=256, out_features=256, bias=True)
    )
    (linear1): Linear(in_features=256, out_features=256, bias=True)
    (dropout): Dropout(p=0, inplace=False)
    (linear2): Linear(in_features=256, out_features=256, bias=True)
    (linear_pos1): Linear(in_features=256, out_features=256, bias=True)
    (linear_pos2): Linear(in_features=256, out_features=256, bias=True)
    (dropout_pos1): Dropout(p=0, inplace=False)
    (dropout_pos2): Dropout(p=0, inplace=False)
    (norm_pos): LayerNorm((256,), eps=1e-05, elementwise_affine=True)
    (linear_feat1): Linear(in_features=256, out_features=256, bias=True)
    (linear_feat2): Linear(in_features=256, out_features=256, bias=True)
    (dropout_feat1): Dropout(p=0, inplace=False)
    (dropout_feat2): Dropout(p=0, inplace=False)
    (norm_feat): LayerNorm((256,), eps=1e-05, elementwise_affine=True)
    (norm1): LayerNorm((256,), eps=1e-05, elementwise_affine=True)
    (norm2): LayerNorm((256,), eps=1e-05, elementwise_affine=True)
    (dropout1): Dropout(p=0, inplace=False)
    (dropout2): Dropout(p=0, inplace=False)
  )
  (memory_bank): MemoryBank(
    (save_proj): Linear(in_features=256, out_features=256, bias=True)
    (temporal_attn): MultiheadAttention(
      (out_proj): NonDynamicallyQuantizableLinear(in_features=256, out_features=256, bias=True)
    )
    (temporal_fc1): Linear(in_features=256, out_features=256, bias=True)
    (temporal_fc2): Linear(in_features=256, out_features=256, bias=True)
    (temporal_norm1): LayerNorm((256,), eps=1e-05, elementwise_affine=True)
    (temporal_norm2): LayerNorm((256,), eps=1e-05, elementwise_affine=True)
  )
  (criterion): ClipMatcher(
    (loss_cls): FocalLoss()
    (loss_bboxes): L1Loss()
  )
  (add_branch_mlp): MLP(
    (linear): Linear(in_features=256, out_features=256, bias=True)
    (layer_norm): LayerNorm()
  )
  (add_branch_attention): DetrTransformerDecoderLayer(
    (attentions): ModuleList(
      (0): MultiheadAttention(
        (attn): MultiheadAttention(
          (out_proj): NonDynamicallyQuantizableLinear(in_features=256, out_features=256, bias=True)
        )
        (proj_drop): Dropout(p=0.0, inplace=False)
        (dropout_layer): Dropout(p=0.1, inplace=False)
      )
      (1): Detr3DCrossAtten(
        (dropout): Dropout(p=0.1, inplace=False)
        (attention_weights): Linear(in_features=256, out_features=24, bias=True)
        (output_proj): Linear(in_features=256, out_features=256, bias=True)
        (position_encoder): Sequential(
          (0): Linear(in_features=3, out_features=256, bias=True)
          (1): LayerNorm((256,), eps=1e-05, elementwise_affine=True)
          (2): ReLU(inplace=True)
          (3): Linear(in_features=256, out_features=256, bias=True)
          (4): LayerNorm((256,), eps=1e-05, elementwise_affine=True)
          (5): ReLU(inplace=True)
        )
      )
    )
    (ffns): ModuleList(
      (0): FFN(
        (activate): ReLU(inplace=True)
        (layers): Sequential(
          (0): Sequential(
            (0): Linear(in_features=256, out_features=512, bias=True)
            (1): ReLU(inplace=True)
            (2): Dropout(p=0.1, inplace=False)
          )
          (1): Linear(in_features=512, out_features=256, bias=True)
          (2): Dropout(p=0.1, inplace=False)
        )
        (dropout_layer): Identity()
      )
    )
    (norms): ModuleList(
      (0): LayerNorm((256,), eps=1e-05, elementwise_affine=True)
      (1): LayerNorm((256,), eps=1e-05, elementwise_affine=True)
      (2): LayerNorm((256,), eps=1e-05, elementwise_affine=True)
    )
  )
  (agents_layer_mlp_0): Sequential(
    (0): MLP(
      (linear): Linear(in_features=256, out_features=256, bias=True)
      (layer_norm): LayerNorm()
    )
    (1): MLP(
      (linear): Linear(in_features=256, out_features=256, bias=True)
      (layer_norm): LayerNorm()
    )
  )
  (predictor): VectorNet(
    (sub_graph): SubGraph(
      (layers): ModuleList(
        (0): MLP(
          (linear): Linear(in_features=128, out_features=64, bias=True)
          (layer_norm): LayerNorm()
        )
        (1): MLP(
          (linear): Linear(in_features=128, out_features=64, bias=True)
          (layer_norm): LayerNorm()
        )
        (2): MLP(
          (linear): Linear(in_features=128, out_features=64, bias=True)
          (layer_norm): LayerNorm()
        )
      )
    )
    (point_level_sub_graph): NewSubGraph(
      (layers): ModuleList(
        (0): GlobalGraph(
          (query): Linear(in_features=128, out_features=128, bias=True)
          (key): Linear(in_features=128, out_features=128, bias=True)
          (value): Linear(in_features=128, out_features=128, bias=True)
        )
        (1): GlobalGraph(
          (query): Linear(in_features=128, out_features=128, bias=True)
          (key): Linear(in_features=128, out_features=128, bias=True)
          (value): Linear(in_features=128, out_features=128, bias=True)
        )
        (2): GlobalGraph(
          (query): Linear(in_features=128, out_features=128, bias=True)
          (key): Linear(in_features=128, out_features=128, bias=True)
          (value): Linear(in_features=128, out_features=128, bias=True)
        )
      )
      (layer_0): MLP(
        (linear): Linear(in_features=128, out_features=128, bias=True)
        (layer_norm): LayerNorm()
      )
      (layers_2): ModuleList(
        (0): LayerNorm()
        (1): LayerNorm()
        (2): LayerNorm()
      )
      (layers_3): ModuleList(
        (0): LayerNorm()
        (1): LayerNorm()
        (2): LayerNorm()
      )
      (layers_4): ModuleList(
        (0): GlobalGraph(
          (query): Linear(in_features=128, out_features=128, bias=True)
          (key): Linear(in_features=128, out_features=128, bias=True)
          (value): Linear(in_features=128, out_features=128, bias=True)
        )
        (1): GlobalGraph(
          (query): Linear(in_features=128, out_features=128, bias=True)
          (key): Linear(in_features=128, out_features=128, bias=True)
          (value): Linear(in_features=128, out_features=128, bias=True)
        )
        (2): GlobalGraph(
          (query): Linear(in_features=128, out_features=128, bias=True)
          (key): Linear(in_features=128, out_features=128, bias=True)
          (value): Linear(in_features=128, out_features=128, bias=True)
        )
      )
      (layer_0_again): MLP(
        (linear): Linear(in_features=128, out_features=128, bias=True)
        (layer_norm): LayerNorm()
      )
    )
    (point_level_cross_attention): CrossAttention(
      (query): Linear(in_features=128, out_features=128, bias=True)
      (key): Linear(in_features=128, out_features=128, bias=True)
      (value): Linear(in_features=128, out_features=128, bias=True)
    )
    (global_graph): GlobalGraph(
      (query): Linear(in_features=128, out_features=128, bias=True)
      (key): Linear(in_features=128, out_features=128, bias=True)
      (value): Linear(in_features=128, out_features=128, bias=True)
    )
    (laneGCN_A2L): CrossAttention(
      (query): Linear(in_features=128, out_features=128, bias=True)
      (key): Linear(in_features=128, out_features=128, bias=True)
      (value): Linear(in_features=128, out_features=128, bias=True)
    )
    (laneGCN_L2L): GlobalGraphRes(
      (global_graph): GlobalGraph(
        (query): Linear(in_features=128, out_features=64, bias=True)
        (key): Linear(in_features=128, out_features=64, bias=True)
        (value): Linear(in_features=128, out_features=64, bias=True)
      )
      (global_graph2): GlobalGraph(
        (query): Linear(in_features=128, out_features=64, bias=True)
        (key): Linear(in_features=128, out_features=64, bias=True)
        (value): Linear(in_features=128, out_features=64, bias=True)
      )
    )
    (laneGCN_L2A): CrossAttention(
      (query): Linear(in_features=128, out_features=128, bias=True)
      (key): Linear(in_features=128, out_features=128, bias=True)
      (value): Linear(in_features=128, out_features=128, bias=True)
    )
    (sub_graph_map): SubGraph(
      (layers): ModuleList(
        (0): MLP(
          (linear): Linear(in_features=128, out_features=64, bias=True)
          (layer_norm): LayerNorm()
        )
        (1): MLP(
          (linear): Linear(in_features=128, out_features=64, bias=True)
          (layer_norm): LayerNorm()
        )
        (2): MLP(
          (linear): Linear(in_features=128, out_features=64, bias=True)
          (layer_norm): LayerNorm()
        )
      )
    )
    (decoder): Decoder(
      (decoder): DecoderRes(
        (mlp): MLP(
          (linear): Linear(in_features=128, out_features=128, bias=True)
          (layer_norm): LayerNorm()
        )
        (fc): Linear(in_features=128, out_features=2, bias=True)
      )
      (variety_loss_decoder): DecoderResCat(
        (mlp): MLP(
          (linear): Linear(in_features=128, out_features=128, bias=True)
          (layer_norm): LayerNorm()
        )
        (fc): Linear(in_features=256, out_features=150, bias=True)
      )
    )
  )
  (empty_linear): Linear(in_features=256, out_features=256, bias=True)
)
2026-03-28 10:25:07,426 - mmdet - INFO - Automatic scaling of learning rate (LR) has been disabled.
2026-03-28 10:25:12,799 - mmdet - INFO - load checkpoint from local path: ckpt_init/detr3d_resnet50.pth
2026-03-28 10:25:13,088 - mmdet - WARNING - The model and loaded state dict do not match exactly

size mismatch for pts_bbox_head.cam_embeds: copying a param with shape torch.Size([6, 256]) from checkpoint, the shape in current model is torch.Size([3, 256]).
size mismatch for img_neck.fpn_convs.3.conv.weight: copying a param with shape torch.Size([256, 256, 3, 3]) from checkpoint, the shape in current model is torch.Size([256, 2048, 3, 3]).
unexpected key in source state_dict: radar_encoder.feat_layers.0.norm.weight, radar_encoder.feat_layers.0.norm.bias, radar_encoder.feat_layers.0.norm.running_mean, radar_encoder.feat_layers.0.norm.running_var, radar_encoder.feat_layers.0.norm.num_batches_tracked, radar_encoder.feat_layers.0.linear.weight

missing keys in source state_dict: add_branch_mlp.linear.weight, add_branch_mlp.linear.bias, add_branch_mlp.layer_norm.weight, add_branch_mlp.layer_norm.bias, add_branch_attention.attentions.0.attn.in_proj_weight, add_branch_attention.attentions.0.attn.in_proj_bias, add_branch_attention.attentions.0.attn.out_proj.weight, add_branch_attention.attentions.0.attn.out_proj.bias, add_branch_attention.attentions.1.attention_weights.weight, add_branch_attention.attentions.1.attention_weights.bias, add_branch_attention.attentions.1.output_proj.weight, add_branch_attention.attentions.1.output_proj.bias, add_branch_attention.attentions.1.position_encoder.0.weight, add_branch_attention.attentions.1.position_encoder.0.bias, add_branch_attention.attentions.1.position_encoder.1.weight, add_branch_attention.attentions.1.position_encoder.1.bias, add_branch_attention.attentions.1.position_encoder.3.weight, add_branch_attention.attentions.1.position_encoder.3.bias, add_branch_attention.attentions.1.position_encoder.4.weight, add_branch_attention.attentions.1.position_encoder.4.bias, add_branch_attention.ffns.0.layers.0.0.weight, add_branch_attention.ffns.0.layers.0.0.bias, add_branch_attention.ffns.0.layers.1.weight, add_branch_attention.ffns.0.layers.1.bias, add_branch_attention.norms.0.weight, add_branch_attention.norms.0.bias, add_branch_attention.norms.1.weight, add_branch_attention.norms.1.bias, add_branch_attention.norms.2.weight, add_branch_attention.norms.2.bias, agents_layer_mlp_0.0.linear.weight, agents_layer_mlp_0.0.linear.bias, agents_layer_mlp_0.0.layer_norm.weight, agents_layer_mlp_0.0.layer_norm.bias, agents_layer_mlp_0.1.linear.weight, agents_layer_mlp_0.1.linear.bias, agents_layer_mlp_0.1.layer_norm.weight, agents_layer_mlp_0.1.layer_norm.bias, predictor.sub_graph.layers.0.linear.weight, predictor.sub_graph.layers.0.linear.bias, predictor.sub_graph.layers.0.layer_norm.weight, predictor.sub_graph.layers.0.layer_norm.bias, predictor.sub_graph.layers.1.linear.weight, predictor.sub_graph.layers.1.linear.bias, predictor.sub_graph.layers.1.layer_norm.weight, predictor.sub_graph.layers.1.layer_norm.bias, predictor.sub_graph.layers.2.linear.weight, predictor.sub_graph.layers.2.linear.bias, predictor.sub_graph.layers.2.layer_norm.weight, predictor.sub_graph.layers.2.layer_norm.bias, predictor.point_level_sub_graph.layers.0.query.weight, predictor.point_level_sub_graph.layers.0.query.bias, predictor.point_level_sub_graph.layers.0.key.weight, predictor.point_level_sub_graph.layers.0.key.bias, predictor.point_level_sub_graph.layers.0.value.weight, predictor.point_level_sub_graph.layers.0.value.bias, predictor.point_level_sub_graph.layers.1.query.weight, predictor.point_level_sub_graph.layers.1.query.bias, predictor.point_level_sub_graph.layers.1.key.weight, predictor.point_level_sub_graph.layers.1.key.bias, predictor.point_level_sub_graph.layers.1.value.weight, predictor.point_level_sub_graph.layers.1.value.bias, predictor.point_level_sub_graph.layers.2.query.weight, predictor.point_level_sub_graph.layers.2.query.bias, predictor.point_level_sub_graph.layers.2.key.weight, predictor.point_level_sub_graph.layers.2.key.bias, predictor.point_level_sub_graph.layers.2.value.weight, predictor.point_level_sub_graph.layers.2.value.bias, predictor.point_level_sub_graph.layer_0.linear.weight, predictor.point_level_sub_graph.layer_0.linear.bias, predictor.point_level_sub_graph.layer_0.layer_norm.weight, predictor.point_level_sub_graph.layer_0.layer_norm.bias, predictor.point_level_sub_graph.layers_2.0.weight, predictor.point_level_sub_graph.layers_2.0.bias, predictor.point_level_sub_graph.layers_2.1.weight, predictor.point_level_sub_graph.layers_2.1.bias, predictor.point_level_sub_graph.layers_2.2.weight, predictor.point_level_sub_graph.layers_2.2.bias, predictor.point_level_sub_graph.layers_3.0.weight, predictor.point_level_sub_graph.layers_3.0.bias, predictor.point_level_sub_graph.layers_3.1.weight, predictor.point_level_sub_graph.layers_3.1.bias, predictor.point_level_sub_graph.layers_3.2.weight, predictor.point_level_sub_graph.layers_3.2.bias, predictor.point_level_sub_graph.layers_4.0.query.weight, predictor.point_level_sub_graph.layers_4.0.query.bias, predictor.point_level_sub_graph.layers_4.0.key.weight, predictor.point_level_sub_graph.layers_4.0.key.bias, predictor.point_level_sub_graph.layers_4.0.value.weight, predictor.point_level_sub_graph.layers_4.0.value.bias, predictor.point_level_sub_graph.layers_4.1.query.weight, predictor.point_level_sub_graph.layers_4.1.query.bias, predictor.point_level_sub_graph.layers_4.1.key.weight, predictor.point_level_sub_graph.layers_4.1.key.bias, predictor.point_level_sub_graph.layers_4.1.value.weight, predictor.point_level_sub_graph.layers_4.1.value.bias, predictor.point_level_sub_graph.layers_4.2.query.weight, predictor.point_level_sub_graph.layers_4.2.query.bias, predictor.point_level_sub_graph.layers_4.2.key.weight, predictor.point_level_sub_graph.layers_4.2.key.bias, predictor.point_level_sub_graph.layers_4.2.value.weight, predictor.point_level_sub_graph.layers_4.2.value.bias, predictor.point_level_sub_graph.layer_0_again.linear.weight, predictor.point_level_sub_graph.layer_0_again.linear.bias, predictor.point_level_sub_graph.layer_0_again.layer_norm.weight, predictor.point_level_sub_graph.layer_0_again.layer_norm.bias, predictor.point_level_cross_attention.query.weight, predictor.point_level_cross_attention.query.bias, predictor.point_level_cross_attention.key.weight, predictor.point_level_cross_attention.key.bias, predictor.point_level_cross_attention.value.weight, predictor.point_level_cross_attention.value.bias, predictor.global_graph.query.weight, predictor.global_graph.query.bias, predictor.global_graph.key.weight, predictor.global_graph.key.bias, predictor.global_graph.value.weight, predictor.global_graph.value.bias, predictor.laneGCN_A2L.query.weight, predictor.laneGCN_A2L.query.bias, predictor.laneGCN_A2L.key.weight, predictor.laneGCN_A2L.key.bias, predictor.laneGCN_A2L.value.weight, predictor.laneGCN_A2L.value.bias, predictor.laneGCN_L2L.global_graph.query.weight, predictor.laneGCN_L2L.global_graph.query.bias, predictor.laneGCN_L2L.global_graph.key.weight, predictor.laneGCN_L2L.global_graph.key.bias, predictor.laneGCN_L2L.global_graph.value.weight, predictor.laneGCN_L2L.global_graph.value.bias, predictor.laneGCN_L2L.global_graph2.query.weight, predictor.laneGCN_L2L.global_graph2.query.bias, predictor.laneGCN_L2L.global_graph2.key.weight, predictor.laneGCN_L2L.global_graph2.key.bias, predictor.laneGCN_L2L.global_graph2.value.weight, predictor.laneGCN_L2L.global_graph2.value.bias, predictor.laneGCN_L2A.query.weight, predictor.laneGCN_L2A.query.bias, predictor.laneGCN_L2A.key.weight, predictor.laneGCN_L2A.key.bias, predictor.laneGCN_L2A.value.weight, predictor.laneGCN_L2A.value.bias, predictor.sub_graph_map.layers.0.linear.weight, predictor.sub_graph_map.layers.0.linear.bias, predictor.sub_graph_map.layers.0.layer_norm.weight, predictor.sub_graph_map.layers.0.layer_norm.bias, predictor.sub_graph_map.layers.1.linear.weight, predictor.sub_graph_map.layers.1.linear.bias, predictor.sub_graph_map.layers.1.layer_norm.weight, predictor.sub_graph_map.layers.1.layer_norm.bias, predictor.sub_graph_map.layers.2.linear.weight, predictor.sub_graph_map.layers.2.linear.bias, predictor.sub_graph_map.layers.2.layer_norm.weight, predictor.sub_graph_map.layers.2.layer_norm.bias, predictor.decoder.decoder.mlp.linear.weight, predictor.decoder.decoder.mlp.linear.bias, predictor.decoder.decoder.mlp.layer_norm.weight, predictor.decoder.decoder.mlp.layer_norm.bias, predictor.decoder.decoder.fc.weight, predictor.decoder.decoder.fc.bias, predictor.decoder.variety_loss_decoder.mlp.linear.weight, predictor.decoder.variety_loss_decoder.mlp.linear.bias, predictor.decoder.variety_loss_decoder.mlp.layer_norm.weight, predictor.decoder.variety_loss_decoder.mlp.layer_norm.bias, predictor.decoder.variety_loss_decoder.fc.weight, predictor.decoder.variety_loss_decoder.fc.bias, empty_linear.weight, empty_linear.bias

2026-03-28 10:25:13,117 - mmdet - INFO - Start running, host: cernanskyr@beast2, work_dir: /home/cernanskyr/LiViP3D/work_dirs/vip3d_resnet50_3cam
2026-03-28 10:25:13,118 - mmdet - INFO - Hooks will be executed in the following order:
before_run:
(VERY_HIGH   ) CosineAnnealingLrUpdaterHook       
(ABOVE_NORMAL) Fp16OptimizerHook                  
(NORMAL      ) CheckpointHook                     
(LOW         ) DistEvalHook                       
(VERY_LOW    ) TextLoggerHook                     
 -------------------- 
before_train_epoch:
(VERY_HIGH   ) CosineAnnealingLrUpdaterHook       
(NORMAL      ) DistSamplerSeedHook                
(LOW         ) IterTimerHook                      
(LOW         ) DistEvalHook                       
(VERY_LOW    ) TextLoggerHook                     
 -------------------- 
before_train_iter:
(VERY_HIGH   ) CosineAnnealingLrUpdaterHook       
(LOW         ) IterTimerHook                      
(LOW         ) DistEvalHook                       
 -------------------- 
after_train_iter:
(ABOVE_NORMAL) Fp16OptimizerHook                  
(NORMAL      ) CheckpointHook                     
(LOW         ) IterTimerHook                      
(LOW         ) DistEvalHook                       
(VERY_LOW    ) TextLoggerHook                     
 -------------------- 
after_train_epoch:
(NORMAL      ) CheckpointHook                     
(LOW         ) DistEvalHook                       
(VERY_LOW    ) TextLoggerHook                     
 -------------------- 
before_val_epoch:
(NORMAL      ) DistSamplerSeedHook                
(LOW         ) IterTimerHook                      
(VERY_LOW    ) TextLoggerHook                     
 -------------------- 
before_val_iter:
(LOW         ) IterTimerHook                      
 -------------------- 
after_val_iter:
(LOW         ) IterTimerHook                      
 -------------------- 
after_val_epoch:
(VERY_LOW    ) TextLoggerHook                     
 -------------------- 
after_run:
(VERY_LOW    ) TextLoggerHook                     
 -------------------- 
2026-03-28 10:25:13,118 - mmdet - INFO - workflow: [('train', 1)], max: 24 epochs
2026-03-28 10:25:13,121 - mmdet - INFO - Checkpoints will be saved to /home/cernanskyr/LiViP3D/work_dirs/vip3d_resnet50_3cam by HardDiskBackend.
